:020000040800F2
:10000000B0120020210300080D750008156F0008CC
:100010000975000879090008ED890008390300080E
:10002000000000000000000000000000597A0008F5
:10003000510B000800000000117500085D7A0008EF
:100040004303000843030008430300084303000878
:100050004303000843030008430300084303000868
:100060004303000843030008430300084303000858
:100070004303000843030008430300084303000848
:100080004303000843030008430300084303000838
:100090004303000843030008430300084303000828
:1000A000550B00084303000843030008650B0008D4
:1000B000710B0008430300084303000843030008D2
:1000C00043030008430300084303000843030008F8
:1000D00043030008430300084303000843030008E8
:1000E00043030008430300084303000843030008D8
:1000F00043030008430300084303000843030008C8
:1001000043030008430300084303000843030008B7
:1001100043030008430300084303000843030008A7
:100120004303000843030008430300084303000897
:100130004303000843030008430300084303000887
:100140004303000843030008430300084303000877
:100150004303000843030008430300084303000867
:1001600000000000000000007D8900084303000833
:100170004303000843030008430300084303000847
:100180004303000843030008430300080000000085
:100190000000000043030008000000000000000011
:1001A00000000000000000004303000843030008B3
:1001B0004303000843030008430300084303000807
:1001C0004303000843030008000000000000000093
:1001D00000000000000000000000000043030008D1
:1001E0004303000843030008000000000000000073
:1001F0004303000843030008430300080000000015
:100200000000000043030008430300084303000804
:1002100043030008430300084303000843030008A6
:100220004303000800000000000000004303000832
:100230004303000800000000000000000000000070
:100240000000000000000000000000004303000860
:100250004303000800F002F800F052F814A696E8F4
:10026000000CB244B344DA4501D100F049F8BAE8D1
:100270000F000FA696E83000A5EB040504EB060777
:10028000AAEB0704A7F101074FEA15154FEA34144A
:10029000A4F10104AC4201D300F032F813F0010FD5
:1002A00018BFFB1A43F0010300F001F8DBE7184721
:1002B00084CB0000A4CB0000103A24BF78C878C1DA
:1002C000FAD8520724BF30C830C144BF04680C605C
:1002D000704700007047000000230024002500261E
:1002E000103A28BF78C1FBD8520728BF30C148BF99
:1002F0000B6070471FB50CF0E5FC1FBD10B510BDBD
:10030000DFF80CD0FFF7F6FF09F08EFC00F07AF969
:10031000B012002003B4FFF7F1FF03BC00F07CF93A
:10032000084880F30A880848804708480047FEE7E5
:10033000FEE7FEE7FEE7FEE7FEE7FEE7FEE7FEE795
:10034000FEE7FEE7B00E0020317B000855020008F2
:1003500053EA020C00F069802DE9F04B4FF00006E3
:10036000002B1FBFB3FA83F503FA05F424FA05F650
:100370005E4012BF1643B2FA82F502FA05F4C5F1E7
:1003800020051EBF22FA05FC44EA0C04203556EA7B
:10039000044C4FEA144418BF641C4FF000084FF09F
:1003A0000009904271EB030C39D3002919BFB1FA4F
:1003B00081F701FA07F6B0FA80F700FA07F6C7F1FD
:1003C00020071EBF20FA07FC46EA0C062037B6FBC2
:1003D000F4FCA7EB0507103F07F01F0BCBF120063D
:1003E0002CFA06F60CFA0BFB44BFB3460026202F6E
:1003F000A4BF5E464FF0000B5BEA060C08BF4FF04F
:10040000010B19EB0B0948EB0608ABFB027C06FB62
:1004100002CC0BFB03CCC01B71EB0C01C1E70B46FC
:10042000024641464846BDE8F08B13B5084318BF65
:100430004FF0FF300146AFF30080BDE81C4070472D
:1004400010B5431C02E010F8011B71B18107FAD10D
:100450004FF0013202C88C1A8C4314EAC211F9D051
:10046000C01A0A0603D0C01E10BDC01A10BD0A046F
:1004700001D0801E10BD0902FCD0401E10BD032A11
:1004800040F2308010F0030C00F0158011F8013BB1
:10049000BCF1020F624498BF11F801CB00F8013B98
:1004A00038BF11F8013BA2F1040298BF00F801CB5C
:1004B00038BF00F8013B11F0030300F07180083AE7
:1004C000C0F0088051F8043B083A51F804CBA0E88A
:1004D0000810F5E7121D5CBF51F8043B40F8043BDF
:1004E000AFF30080D20724BF11F8013B11F801CB14
:1004F00048BF11F8012B24BF00F8013B00F801CBE5
:1005000048BF00F8012B70474FF000020429C0F0EB
:10051000128010F0030C00F01B80CCF1040CBCF135
:10052000020F18BF00F8012BA8BF20F8022BA1EB87
:100530000C0100F00DB85FEAC17C24BF00F8012B6C
:1005400000F8012B48BF00F8012B70474FF0000264
:1005500000B5134694469646203922BFA0E80C50B9
:10056000A0E80C50B1F12001BFF4F7AF090728BF94
:10057000A0E80C5048BF0CC05DF804EB890028BF10
:1005800040F8042B08BF704748BF20F8022B11F039
:10059000804F18BF00F8012B7047704770477047B5
:1005A00010B5203AC0F00B80B1E81850A0E8185000
:1005B000B1E81850A0E81850203ABFF4F5AF5FEA50
:1005C000027C24BFB1E81850A0E8185044BF18C9F5
:1005D00018C0BDE810405FEA827C24BF51F8043B9C
:1005E00040F8043B08BF7047D20728BF31F8023BF0
:1005F00048BF11F8012B28BF20F8023B48BF00F884
:10060000012B704710B50446AFF300802046BDE8CB
:100610001040FFF77FBE000001491820ABBEFEE787
:1006200026000200704700000146C06D836D826D98
:1006300013F0500F08D0D20648BF00F00FBD006D78
:10064000826E0846104700BF42F400718165016860
:100650000B68CA681B0703D4910707D500F0DCBC00
:1006600012F4406FFAD1C9688904F7D4816D21F47E
:1006700080718165816DC90448BF00F0CDBC816D7A
:1006800041F00101816500F0C7BC0000C06D816DC3
:1006900041F040018165C16D41F00401C16500F088
:1006A000DDBC0000C06D00F0D7BC0000B0B5016833
:1006B00004468A688868C0074FF0000033D012F003
:1006C000020218BFB0BD886800F00D00012821D1DA
:1006D00088684FF6C072C7F6FF721040023088601B
:1006E0000320086002F096F921688968C90704BFF1
:1006F0000020B0BD054604E08068C00704BF0020AC
:10070000B0BD02F087F9411B20680329F4D381684A
:10071000C907F1D0A06D40F01000A065E06D40F079
:100720000100E0650120B0BD70B582B00446002034
:10073000019021688A68D20711D14FF6C076C7F6BA
:10074000FF76886806F17F0210420BD0A06D40F062
:100750001000A065E06D40F00100E065012002B0EE
:1007600070BD00BF8868304040F00100886048F2EA
:100770000830C4F202200068000221D402F04AF9D5
:1007800021680A68D20717D1054602E00868C00749
:1007900012D18868C00704D18868304040F0010059
:1007A000886002F037F9401B21680328EED30868FF
:1007B000C007EBD1CAE700BF002002B070BD00BF88
:1007C00040F22400C2F20000006842F66351800942
:1007D000C0F23E51A0FB01018809022101EB40005B
:1007E000019001980028C9D0019801380190019822
:1007F0000028C3D001980138019001980028BDD08D
:1008000001980138019001980028B7D0019801386B
:10081000019001980028E7D1B0E7000000281CBF34
:100820006FF0010070472DE9F04186B040F68C4032
:10083000C4F202400268002442F001020260026831
:10084000C4F2022402F001020192019A026801AD91
:1008500042F0010202600268022702F001020192E6
:10086000019A02694FF0070842F400320261006900
:100870000E4600F400300190019804200190012000
:1008800003902046294602970497CDF8148001F082
:10089000F7FF0820CDE9010720462946CDF814804E
:1008A00001F0EEFF40F21450C2F20000314606F0B3
:1008B00011FE002818BF6FF0030006B0BDE8F081FC
:1008C0007047000000EB400040F2A851C2F2000166
:1008D00001EB800001F098BF10B586B040F68C4265
:1008E000C4F202421368044643F004031360126822
:1008F00002F00400019001984FF40050019040F67E
:1009000000004FF00202C4F202200392049239B3B5
:100910000021C1F21101029101A901F0B1FF04EB24
:10092000440040F2A851C2F2000101EB80040D2105
:10093000C0F20061204601F061FF40F671122046CE
:10094000C0F60002002101F089FF18200F210022CB
:1009500002F002F9182002F0EDF8002006B010BDF8
:100960000021029101A901F08BFF002006B010BD0B
:100970000020FFF7A5BF0000FEE700002DE9F043CF
:10098000D2F800C0D0F808E0002953D0BEF1000F23
:100990004FF0000464D04FF6FC7311EA03094FF0E6
:1009A00000074FF0000300F0B58005684FF6FC73B8
:1009B0002B40BEF1020F4FF0010455D34B4553D0ED
:1009C0004FF6FF7425EA040605274FF6FC7800BFB2
:1009D00046EA030454F82C50FC1E744505EA080549
:1009E0004ED24D454CD046EA050353F82C30BC1E80
:1009F000744503EA08031AD24B4518D046EA0304AB
:100A000054F82C507C1E744505EA080538D24D4533
:100A100036D046EA050353F82C30774503EA08033D
:100A200007F1040402D24B452746D1D1043C1F46AE
:100A30002B466FE0BEF1000F1AD004684FF6FC752C
:100A4000BEF1010304EA050716D04FF6FF75AC436B
:100A5000AEF10205032D03F0030813D230E000BF0E
:100A60000027002356E000BF1F46002352E000BFCE
:100A700000230027002456E00124002353E000BF98
:100A80002F4647E023F003054FF6FC7644EA0703C0
:100A900053F82C30043D03EA060343EA040353F8F9
:100AA0002C3003EA060343EA040353F82C3003EA2C
:100AB000060344EA030757F82C7007EA0607E5D156
:100AC0003D46B8F1000F24D044EA050353F82C60EA
:100AD0004FF6FC73B8F1010F06EA030604D1744621
:100AE00037462B4616E000BF44EA060555F82C5061
:100AF000B8F1020F03EA050304D174461F463346DA
:100B000008E000BF1C4354F82C404FF6FC7504EA83
:100B10000507744639B14FF6FC7631408F421CBF51
:100B20000120BDE8F0834088946043EA004147EA31
:100B300000435160D36053F82C1029B14FF6FC7379
:100B400000041940084310610020BDE8F083000054
:100B5000704700000020FFF7B5BE000072B600BF6E
:100B6000FEE7000040F22440C2F2000001F038BA73
:100B700040F29C40C2F2000001F032BAB0B582B03F
:100B800004460020019094F85400012802BF02207E
:100B900002B0B0BD012084F8540020460D46FFF796
:100BA00085FDA16D10B141F0100149E041F2021242
:100BB00091430231A16521684FF6C0738A68C3F67C
:100BC000FF731A4005F080431A4402F100434FF2CC
:100BD000FF72C2F2C3528B608B68B3F1FF3F2BDC14
:100BE000019B01330193019B93421DD88B68B3F1A4
:100BF000FF3F21DC019B01330193019B934213D8FA
:100C00008B68B3F1FF3F17DC019B01330193019B1C
:100C1000934209D88B68B3F1FF3F0DDC019B013390
:100C20000193019B9342D7D9A06D40F0100020F0B2
:100C30000201012004E000BFA16D012262F3010165
:100C4000A165002184F8541002B0B0BDF0B581B0A8
:100C50000022009290F85420012A03D10221084674
:100C600001B0F0BD0123076880F85430BB685B0712
:100C700048D40B68012B0AD00225C0F23045AB42A4
:100C80000BD1CD680024C4F27F04A54205D1D7F86A
:100C9000C85045F00105C7F8C8504D681F26C5F378
:100CA000012405F01F0507EB8404C3F38463226B62
:100CB000AE40B243AB401A432263BA68BB6802F04D
:100CC000040203F00803D21840F0BD800A6807F15F
:100CD0001403C2F34064D1F808E0042653F824500A
:100CE000C2F3045406EAD25C0722A240BEF1004FD0
:100CF00025EA02050CD143F80C501A6842F0004373
:100D00000EE000BF816D41F02001816501217DE190
:100D10000EFA04F22A4343F80C201A6822F000432A
:100D20007B61D1E90434FD68042B5FD13A6E3A6EE1
:100D30000B68C2F3846293FAA3F6C3F3846C6FF377
:100D40001F53B6FA86F5002B2C464FF6FF7E08BFE0
:100D50006446A242C0F20F0E0CD13A6E22F000425D
:100D60003A660A6802EA0E03C2F3846C92FAA2F2AF
:100D7000B2FA82F57A6E7A6E002BC2F384622C4648
:100D800008BF6446A2420CD17A6E22F000427A6615
:100D90000A6802EA0E03C2F3846C92FAA2F2B2FA73
:100DA00082F5BA6EBA6E002BC2F384622C4608BF7D
:100DB0006446A2420CD1BA6E22F00042BA660A68BA
:100DC00002EA0E03C2F3846C92FAA2F2B2FA82F53E
:100DD000FA6EFA6E002B08BF6546C2F38462AA421F
:100DE00031D1FA6E22F00042FA662CE0062202EAC5
:100DF000950207F16005D1F800C055F8236004FAA8
:100E000002F24FF20004C0F2FF3426400CF0F84426
:100E10002243324342F0004245F823200A698B699D
:100E200055F8226026F08076334345F822300A696F
:100E30000B7F55F82260012B26F0007608BF06F1E3
:100E4000007645F82260BA680C68D20752D1CA68A9
:100E5000D7F8B06023466FF31F5326EA030C4FF612
:100E6000FF7602F01805C0F20F06EE40002526407E
:100E7000C4F27F0546EA0C06AA42C7F8B06039D131
:100E800093B194FAA4F2B2FA82F2013202F01E0394
:100E9000092B02F01F0310D8012203EB43069A40EE
:100EA00042EA065316E000BF012202EB946202F010
:100EB0001E030A2B02F01F03EED303EB43020025AF
:100EC000CFF62065012605EB025206FA03F31A431A
:100ED00042F00073C3F34062C3F3045307EB820292
:100EE0008E68556907249C40A54306FA03F32B43FB
:100EF00053610C680021C8F208010C4200F08580A3
:100F000048F2083CC4F2022CDCF800100022CCF2BB
:100F10002132944201F0E07308BF11F4000215D0B1
:100F20000022C4F2293294424AD10022B2EB136F5C
:100F300046D1ACF502718F4267D1DCF8001021F088
:100F4000E071194341F080715DE000BFACF5427182
:100F50008F425AD1DCF8001042F6635221F0E07162
:100F6000194341F40001CCF8001040F22401C2F210
:100F700000010968C0F23E528909A1FB02129109E1
:100F8000022202EB41010091009900293DD0009915
:100F9000013900910099C1B300990139009100997C
:100FA00099B3009901390091009971B30099013901
:100FB0000091009900294FF00001E8D126E000BF20
:100FC0000022CCF25272944208BF11F480010FD07B
:100FD0000021C4F25A718C4217D14FF6C061CFF68E
:100FE000FF715CF8012042F001024CF801200CE096
:100FF000ACF542718F4208D1DCF8001021F0E071AD
:10100000194341F48001CCF800100021002280F83F
:101010005420084601B0F0BD006848F20001C4F257
:101020000221884218BF704740F25000C2F200000F
:10103000C189C183018A0184418A4184818A818472
:10104000C18AC184018B0185418B4185818B81855A
:1010500001210170704700007047000070470000D8
:10106000B0B582B000210028019155D0816D39B909
:10107000044600F0F3F820460021E16584F854109E
:101080000268916889004FF6C071C5F6FF7102D5FC
:1010900093680B4093609368DB002ED4936801F152
:1010A0008051194041F08051916040F22401C2F218
:1010B0000001096842F663538909C0F23E53A1FB5F
:1010C00003139909022303EB410101910199A1B195
:1010D000019901390191019979B101990139019180
:1010E000019951B1019901390191019929B10199F0
:1010F0000139019101990029EAD19168C90011D4FF
:10110000816D4FF0010E41F010018165C16D41F01C
:101110000101C16508E000BF4FF0010E704602B04A
:10112000B0BD00BF4FF0000E9368846D03F0040360
:1011300004F010041B19836D72D123F48173023300
:1011400083659368DB071AD148F2083C4FF60054D8
:101150004FF60063C4F2022CCFF6FF74CFF6FF7394
:101160005CF804405CF803302343DB0707D1436895
:10117000DCF8004024F47C142343CCF80030437E98
:10118000846BD0E902C144EA433390F8204019430C
:1011900041EA0C0141EA0443012C06D1416A0024D2
:1011A000CFF6FE7404EB41410B43846A24B1C16A5B
:1011B00004F4787421430B43D16844F20704CFF65A
:1011C000F07421401943D1601169036B21F0406133
:1011D00019431161916809072DD490F83430017ECC
:1011E0005B0090F83CC043EA8131D36844F20204CA
:1011F000A3431943D1601369BCF1010F18D140F228
:10120000FD7123EA010CD0E91034D0E9121543EA4C
:101210000C0323431943294341F001030AE000BFB3
:1012200043F010024FF0010E8265704602B0B0BD6F
:1012300023F0010313610169136B012923F00F03EC
:1012400002BFC16901390B431363826D012161F350
:1012500001028265704602B0B0BD00002DE9F04188
:10126000D4B080466846002600250830C821539631
:10127000CDE95166CDE94F66C4F20225FFF766F964
:10128000D8F8000005F50041884203D054B0BDE80D
:10129000F08100BF4FF4001000906846019602F004
:1012A00019FE002818BFFFF759FC40F68C40C4F225
:1012B000024001684FAE41F480610160016803247F
:1012C00001F48061349134990168002741F00401F0
:1012D0000160016801F0040134913499016841F022
:1012E00001010160016801F0010134913499016844
:1012F00041F0020101600068314600F002003490C4
:1013000034980F204F9005F500605094519701F0EC
:10131000B7FA28463146CDE94F44519701F0B0FA6B
:1013200005F580603146CDE94F44519701F0A8FAA8
:101330002120CDE934074FF400204FF4803139905B
:1013400001203B9140F2D4113A90CDE93D0034A800
:10135000C2F20001CDE9367738974597CDE93F775E
:10136000CDE94177439700F0FFF8002818BFFFF759
:10137000F5FB40F2BC1040F2D412C2F20000C2F2FF
:101380000002002100F0E2FB002818BFFFF7E6FB97
:1013900040F2BC10C2F2000000F0F8FC002818BFB8
:1013A000FFF7DCFB40F224405021C2F20000C4F2FF
:1013B0000201016000218122C0E90E11C0E9101173
:1013C000826400F037FA002818BFFFF7C7FB40F22D
:1013D0002445C2F2000540F2BC11C2F200012846C9
:1013E00000F058FC002818BFFFF7B8FB2846102172
:1013F000C8F85050C5F85C8000F0D4FD002818BF34
:10140000FFF7ACFB54B0BDE8F08100002DE9F041DE
:101410009CB048F20017C4F20227D7F808320668D9
:10142000B668760703D490F85460012E04D10220E8
:101430001CB0BDE8F08100BF03F01F040123092C9C
:1014400080F8543056D8A34040F22126334251D080
:10145000884615460646FFF767F938B1002086F83A
:10146000540001201CB0BDE8F08100BF3168B06DB0
:1014700040F601739843324600F58070B0650CB1B8
:10148000B94203D0906D20F480109065906D40F2C9
:101490002964C0044FF0000044BFD06D20F0060066
:1014A000D065106DC0F6000440F2A567046640F2F6
:1014B0008D64C0F60007C0F600044FF0000CC0E9D0
:1014C00019741C270F6082F854C04A682B4642F0FA
:1014D00010024A60CA6842F00102CA6090F85020C7
:1014E00012060FD48269012A1ED0022A08BF9D006D
:1014F0001BE000BF002180F8541001201CB0BDE8A3
:10150000F08100BF406F0028ABD001680029A8D04F
:1015100001A800F0E3F80028A3D10798012815D00E
:10152000022808BFAD0012E05D00403142462B4664
:1015300001F0F6F831684FF6C0738A68C7F6FF739A
:101540001A4004328A601CB0BDE8F0816D0031465B
:10155000086D0968426F40311268C2E90251C2F851
:10156000108000F09FFCE5E700284FF0010218BF53
:10157000002901D110467047B0B5D0E904C2C36953
:10158000D0F818E01A43C36B1A4342EA0C0242EA4D
:101590000E020A6003789B0616D5D0E909C34FF006
:1015A0007C75D0F82CE0846B05EB03534FF47C750D
:1015B00005EB0C1503F07C7344EA0E0405F47C750E
:1015C00023432B431A430A604268036B40F2FF2512
:1015D0002A401A434A60C368B3F5007F05D0B3F5CB
:1015E000806F04D10578AD0601D51A434A60436B7C
:1015F0001A434A60436C43B1856C046C05F03F05A7
:1016000044EA05452A431A434A60B0F8683040F27C
:10161000000C8B600278C0F2FF7C920722D5C56C6B
:101620004FF080540CEB054505EA0C052B438B600D
:10163000056D04EAD5054FF000542B448B60456DD1
:1016400004EA95054FF080442B448B60856D04EAD5
:1016500055052B448B60C56DB5F1FF3FDCBF03F131
:1016600000438B60036ECB60436E0B6103789B0776
:1016700002D4142323E000BF036D0CF1C052002BF1
:1016800048BF5B426FF35F334B61456D2C04002D07
:1016900048BF05FB02F422401A434A61836D0CF1F6
:1016A0007844002B48BF5B429AB28A61C36D1D0427
:1016B000002B48BF03FB04F52A431C238A61002248
:1016C000CA50006883074FF4E06358BF4FF4A0632B
:1016D00018430862BDE8B0401046704700284FF03C
:1016E000010218BF002901D11046704791F820C0AF
:1016F00042F20002C0F800C00B68C0F6004203F0DE
:10170000080303610B6803F4002343610B6803F0D3
:10171000030383610B6803F44033C3610B68C3F3B5
:101720000513013343620B68C3F30553013383622E
:101730000B6803F04023C3620B681A4082630A6897
:1017400002F4C052C2634B689A0509D4DAB242600F
:101750004A79520754BF00224FF4806203E000BF71
:101760004FF400724260C2604A685FEA8C7302F410
:10177000006282604A6802F4404202644A6802F0F1
:1017800040724264CA8802F03F0282644A6802F0F2
:10179000404202630A8982660CD40122C264CA688C
:1017A0000266096900224166C0E91422C0E91622D6
:1017B0001046704780B54A896FF3DF220132C26458
:1017C000CA6802660A6942664B696FF35F33036554
:1017D000B1F816C06FF35F3CC0F854C0D1F808E010
:1017E0005FEACE0203D55A420265D1F808E05FEA0B
:1017F0008E0244BFCCF100024265B1F818E0C0F897
:1018000058E08A694FEA124CC0F85CC08A685300FD
:1018100003D5CEF1000282658A68B2F1FF3FBDE8D0
:101820008040C4BF00207047CCF10001C16500209A
:1018300070470000B0B5044601F0ECF8002C04BF7E
:101840000120B0BD00210546206884F84C1002211B
:1018500084F85410416941F00601416120684169F2
:10186000C9070BD001F0D6F8401B0528F6D9012096
:1018700003221021A16584F85420B0BDD4E90E12D2
:101880004F23C5F20203984242EA010240F24F316F
:10189000C5F202011CDC41F24F03C4F2020398427C
:1018A00032DC40F24F23C4F2020398425ADC40F289
:1018B0004F13C4F20203984200F394805023C4F201
:1018C0000203984200F0E880D023C4F20203E1E072
:1018D00041F24F03C5F2020398422DDC40F24F2340
:1018E000C5F2020398424FDC40F24F13C5F20203E7
:1018F000984200F383805023C5F20203984200F01F
:10190000CB80D023C4E000BF41F24F23C4F20203D6
:10191000984245DC41F24F13C4F20203984277DC4F
:1019200041F25003C4F20203984200F0B58041F244
:10193000D003C4F20203ADE041F24F23C5F202032B
:1019400098423FDC41F24F13C5F2020398426BDC30
:1019500041F25003C5F20203984200F09D8041F22B
:10196000D00395E040F24F33C4F20203984265DCA5
:1019700040F25023C4F20203984200F08D8040F2FE
:10198000D023C4F2020385E0884263DC40F2502396
:10199000C5F20203984200F07F8040F2D02377E046
:1019A00041F24F33C4F2020398425DDC41F250230E
:1019B000C4F2020398426FD041F2D023C4F2020372
:1019C00068E000BF41F24F33C5F20203984257DC92
:1019D00041F25023C5F2020398425DD041F2D02378
:1019E00056E000BF40F25013C4F20203984253D0B5
:1019F00040F2D013C4F202034CE000BF40F2501397
:101A0000C5F20203984247D040F2D01340E000BF35
:101A100041F25013C4F2020398423DD041F2D01378
:101A2000C4F2020336E000BF41F25013C5F20203D4
:101A3000984231D041F2D0132AE000BF40F2503337
:101A4000C4F20203984227D040F2D033C4F202031A
:101A500020E000BF40F25033C5F2020398421BD091
:101A600040F2D03314E000BF41F25033C4F202031D
:101A7000984211D041F2D033C4F202030AE000BF11
:101A800041F2D033C5F20203984205D041F25033FF
:101A9000C5F20203984201D1236C1A43436988427C
:101AA00023F4430342EA030242614FF0000202645E
:101AB000636C43648264C264026511DC41F24F319D
:101AC000C4F2020188421BDC40F25031C4F2020130
:101AD00088422DD040F2D031C4F2020126E000BF8E
:101AE00041F24F31C5F20201884215DC40F250311B
:101AF000C5F2020188421BD040F2D03114E000BF91
:101B000041F25031C4F20201884211D041F2D03189
:101B1000C4F202010AE000BF41F2D031C5F2020175
:101B2000884205D041F25031C5F20201884202D10B
:101B30000021416581650021C167A06C01222065FB
:101B40000020A16584F85420B0BD000000284FF0AB
:101B5000010318BF002A01D1184670474369012BC1
:101B600004D1042101230161184670472DE9F04199
:101B700086B0036842EA010693B19FB24FF6E07562
:101B8000AF429CBF26EA0307B7F5803F40D293F8E7
:101B9000206091B191F82070BE420ED011E000BFDC
:101BA00091B18FB24FF6E075AF429CBF86EA010754
:101BB000B7F5803F2CD291F8206092F82070BE4299
:101BC00007D0042125E000BF97B24FF6E176B74277
:101BD0001ED20227077300270761176A00247E08B8
:101BE000CFF6010466F3596407F0020766F39A64BE
:101BF00007F10505A3B1E9B1904601AA0195064692
:101C00000F46FEF7BBFEE8B10620306102E000BFE0
:101C100005210161012306B0BDE8F0411846704777
:101C2000E1B14FF6FC731A402243016041F82520D0
:101C3000022124E04FF6FC711940214342F825109F
:101C400002601AE00399B268304691420AD14168B5
:101C500061B14FF6FC721140214305E002600121A1
:101C60000DE000BF57F8251048F825104FF6FC711D
:101C700001EA0801214347F825108168013181609C
:101C8000002301210361017306B0BDE8F04118464D
:101C90007047000000284FF0010218BF002901D151
:101CA00010467047D0F850C0BCF1000FF8D090F843
:101CB000543090F85420022A18BF052B06D1402139
:101CC0008165002180F84C10012070470A7B022AB0
:101CD00004D101220A611046704700BF036840F238
:101CE0004F32C5F20202934210DC41F24F32C4F28D
:101CF000020293421ADC40F25032C4F202029342D2
:101D00002CD040F2D032C4F2020225E041F24F3230
:101D1000C5F20202934215DC40F25032C5F20202D3
:101D200093421BD040F2D03214E000BF41F2503257
:101D3000C4F20202934211D041F2D032C4F2020244
:101D40000AE000BF41F25032C5F20202934205D0D0
:101D500041F2D032C5F2020293420DD14B68BCF180
:101D6000810F03D123B1416700207047002BFAD0C7
:101D700004200861012070470A6892F82020920729
:101D8000ECD503200861012070470000002804BF43
:101D900001207047016839B142684AB18A4204BFE4
:101DA0000020704707E000BF022101610120704759
:101DB0004269012A04D1042101610120704700BF5A
:101DC000F0B502220273002202610A6A40F2000E9C
:101DD0005308CFF6010E63F3596E02F002028568D4
:101DE00063F39A6E531D4FF6FC72002D01EA020C4C
:101DF00047D0012D02D1654643E000BF4FF6FF7288
:101E00006E1EAC1E21EA0202032C06F0030401D26E
:101E100065461EE026F003064FF6FC77654600BFD8
:101E2000154355F82350043E05EA070545EA020527
:101E300055F8235005EA070545EA020555F82350F1
:101E400005EA070545EA020555F8235005EA0705A6
:101E5000E6D1B4B1154355F823504FF6FC76012C6A
:101E600005EA06050DD0154355F82350022C05EA66
:101E7000060506D02A4352F823204FF6FC7402EAE6
:101E800004054FF6FF7221EA02022A434EEA0C07CC
:101E90004160002142F8237001610121017300209B
:101EA000F0BD000000285DD0436F002B5AD0016DBB
:101EB000002957D080B590F85410D0F800E00129DF
:101EC000DEF814C004D002294ED11CF480314BD06E
:101ED00090F8541001293AD190F84C1001294FF094
:101EE00002013BD0012280F84C2080F85410197375
:101EF000002181651961DEF8141041F4BA41CEF871
:101F00001410416E29B1DEF8141041F40071CEF8BE
:101F10001410006F28B1DEF8140040F40050CEF821
:101F2000140018680022016ACFF60102490861F323
:101F3000596261F39A624FF6FF7120EA0101CEF80F
:101F400000104FF6FC7108401044CEF87C00DEF81B
:101F50001400002140F00100CEF81400BDE88040DC
:101F6000084670470120704740218165002180F8B4
:101F70004C100121BDE880400846704780B190F8C0
:101F8000541002290AD1042180F85410006842F24A
:101F9000040241691143416100207047202181659D
:101FA00001207047024600284FF0010008BF70472B
:101FB000CB0612D5136840F6FF7223EA020203F53E
:101FC0007B63C3F3C41301F01101984011295168D8
:101FD00014BF21EA00000843506000207047000051
:101FE00010B504680C23214604F57B6263F30B01F2
:101FF000C2F3C4120968D140C9074BD02169490511
:1020000044BF61695FEA415146D42169090544BF73
:1020100061695FEA015147D42169C90444BF61691C
:102020005FEAC14148D42169490444BF61695FEA5C
:10203000414149D42169890544BF61695FEA815101
:102040004AD42169890444BF61695FEA81414FD460
:102050002169C90544BF61695FEAC15164D4816DDA
:10206000C1B101684A6942F002024A61012180F867
:10207000541090F85020120644BF426F1173816EC5
:102080000022002980F84C2008BF10BDBDE8104098
:10209000084700BF10BD00BF4FF48061E160816D53
:1020A00041F001018165B0E74FF40061E160816DAD
:1020B00041F002018165AFE74FF48051E160816D2D
:1020C00041F004018165AEE74FF48041E160816D2C
:1020D00041F008018165ADE74FF40071E160426EA7
:1020E000002AAED00446904720462468A9E700BFE6
:1020F0004FF40051E16090F8541004291ED1616939
:10210000012221F400516161616941F002016161C4
:1021100080F8542090F85010090603D5416F0A73D7
:102120000021A164C16EABE790F85010090611D4EC
:10213000A16CD9B900F1540216E000BF052180F866
:102140005410026F002A3FF483AF044690472046A4
:1021500024687DE7E16F49B9A16C39B9012180F8A4
:102160005410416F01F10C02012111704FF44071C4
:10217000E160016E0022002980F84C203FF46FAF2F
:102180000446884720466AE7B0B5044600F042FCA2
:10219000002C04BF0120B0BD002184F84C1005467E
:1021A000206894F8542022B9C4E91811C4E91A111E
:1021B0002167022184F85410416941F00601416110
:1021C00020684169C9070BD000F024FC401B05289A
:1021D000F6D9012003221021A16584F85420B0BD56
:1021E000216A426904F1100522F44302114341615E
:1021F000E36926CD1A4311434F22C5F2020240F291
:102200004F3C904241EA050EC5F2020C1CDC41F243
:102210004F03C4F20203984232DC40F24F23C4F26F
:10222000020398425ADC40F24F13C4F20203984270
:1022300000F394805023C4F20203984200F0E88037
:10224000D023C4F20203E1E041F24F03C5F20203DE
:1022500098422DDC40F24F23C5F2020398424FDC36
:1022600040F24F13C5F20203984200F383805023DB
:10227000C5F20203984200F0CB80D023C4E000BF37
:1022800041F24F23C4F20203984245DC41F24F135E
:10229000C4F20203984277DC41F25003C4F2020315
:1022A000984200F0B58041F2D003C4F20203ADE0E1
:1022B00041F24F23C5F2020398423FDC41F24F1333
:1022C000C5F2020398426BDC41F25003C5F20203EF
:1022D000984200F09D8041F2D00395E040F24F33E8
:1022E000C4F20203984265DC40F25023C4F20203B8
:1022F000984200F08D8040F2D023C4F2020385E0C2
:10230000604563DC40F25023C5F20203984200F0BE
:102310007F8040F2D02377E041F24F33C4F20203D2
:1023200098425DDC41F25023C4F2020398426FD020
:1023300041F2D023C4F2020368E000BF41F24F3300
:10234000C5F20203984257DC41F25023C5F2020362
:1023500098425DD041F2D02356E000BF40F25013C6
:10236000C4F20203984253D040F2D013C4F20203E5
:102370004CE000BF40F25013C5F20203984247D030
:1023800040F2D01340E000BF41F25013C4F2020308
:1023900098423DD041F2D013C4F2020336E000BFB0
:1023A00041F25013C5F20203984231D041F2D013EA
:1023B0002AE000BF40F25033C4F20203984227D013
:1023C00040F2D033C4F2020320E000BF40F25033A9
:1023D000C5F2020398421BD040F2D03314E000BF94
:1023E00041F25033C4F20203984211D041F2D0338B
:1023F000C4F202030AE000BF41F2D033C5F2020387
:10240000984205D041F25033C5F20203984212D1EE
:10241000D4E909354FF07C72E16A02EB05524FF4C2
:102420007C7505EB031302F07C7203F47C7311439B
:1024300019434EEA010E016C01F0802141EA0E01C0
:102440000164D4E9021322791143226BB3F5007FB2
:1024500042EA010224D0B3F5806F40F0EB8041F2F4
:10246000CF31C4F2020188421EDD40F2CF31C5F205
:102470000201884238DC40F2CF11C5F202018842E5
:1024800060DCCF21C5F20201884200F3A98041F24D
:10249000D031C4F20201884200F0CA805021C3E06A
:1024A00042F40072C6E000BF40F2CF31C4F2020134
:1024B00088422FDD41F2CF11C4F20201884261DC73
:1024C00041F2CF01C4F20201884200F3078140F2D9
:1024D000D031C4F20201884200F0AA8041F25001DA
:1024E000C4F20201A2E000BF41F2CF11C5F2020125
:1024F000884237DC41F2CF01C5F20201884277DC25
:1025000040F2D031C5F20201884200F0918041F2E0
:10251000500189E040F2CF11C4F20201884243DD4C
:1025200040F2CF21C4F2020188424DDC40F2D011CA
:10253000C4F2020188427BD040F25021C4F2020171
:1025400074E000BF40F2CF21C5F20201884259DC9D
:1025500040F2D011C5F20201884269D040F2502108
:1025600062E000BF41F2CF21C5F20201884253DC94
:1025700041F2D011C5F20201884259D041F25021F6
:1025800052E000BF41F2CF21C4F20201884200F3C1
:10259000B18041F2D011C4F20201884248D041F228
:1025A0005021C4F2020141E05021C4F202018842EC
:1025B0003ED0D021C4F20201884239D040F25011FD
:1025C000C4F2020132E000BF40F2D021C4F20201A5
:1025D00088422DD040F25031C4F2020126E000BF03
:1025E000D021C5F20201884222D040F250111BE0F6
:1025F00041F2D001C5F20201884219D041F25011D6
:1026000012E000BF40F2D021C5F2020188420FD093
:1026100040F2503108E000BF41F25031C5F20201F2
:10262000884205D041F2D021C5F2020188426DD125
:1026300042F48062636B416C42F20015C3F6C04500
:10264000294011431943416400216045816411DC34
:1026500041F24F31C4F2020188421BDC40F250319A
:10266000C4F2020188422DD040F2D031C4F20201FE
:1026700026E000BF41F24F31C5F20201884215DC6D
:1026800040F25031C5F2020188421BD040F2D031F5
:1026900014E000BF41F25031C4F20201884211D06F
:1026A00041F2D031C4F202010AE000BF41F2D03160
:1026B000C5F20201884205D041F25031C5F2020153
:1026C000884202D10021416581650021C167012254
:1026D00000202365A16584F85420B0BD41F2D001EB
:1026E000C4F202018842A3D041F25011C4F20201A7
:1026F0009CE700BF41F2D021C4F20201884297D08A
:1027000041F25031C4F2020190E700BF41F2D031F2
:10271000C5F20201884208BF42F480628AE70000E5
:1027200020B1D0F850C0BCF1000F01D0012070479B
:1027300090F84CC0BCF1010F04BF022070474FF06D
:10274000010C80F84CC090F854C0BCF1010F39D195
:1027500010B54FF0020C80F854C04FF0000CC0F8D8
:1027600058C0D0F800C0D0F864E0DCF84840BEF1B2
:10277000000F63F30F044FF4FE43CCF84840CCF84D
:102780000C30CCF84C10CCF85020DCF8141041F48C
:10279000BA41CCF8141005D0DCF8141041F40071E3
:1027A000CCF81410006F28B1DCF8140040F400508D
:1027B000CCF81400DCF8140040F00100CCF8140050
:1027C000002010BD40218165002180F84C100120BF
:1027D00070470000B0B5044600F01CF9054640F211
:1027E0001800C2F200000078611C18BF044400BF4A
:1027F00000F010F9401BA042FAD3B0BD00280EBF74
:102800000120016000207047F0B581B004460068E7
:10281000182202EA503542F20C07C4F2024700F0D7
:102820001F01012057F8252000FA01F6164205D0B5
:1028300047F825606068002818BF8047381D50F8A9
:102840002510314208D040F82560A06820B101B0C1
:10285000BDE8F040004700BF01B0F0BD022906D03E
:10286000012909D000291CBF0120704742600821BE
:1028700042500020704700BF0421425000207047A2
:102880000A68002A08BF70472DE9F04F83B000F1B5
:102890002003019347F67F73C0F22F0303EA9023CE
:1028A0004FF0000A4FF0010B00274FF0000C0025FD
:1028B00000930BE00A68013532FA05F30CF1040CC1
:1028C00007F102070AF1080A00F09A800BFA05F9ED
:1028D00012EA0902EED0D1F80480029248F0100604
:1028E000122E1BD16FF0030202EA5506DDF804B088
:1028F0000CF01C025BF80640D1F810800F2303FA9D
:1029000002FE08F00F0324EA0E0403FA02F2224347
:102910004BF80620D1F804804FF0010B0268032326
:10292000BB4008F0030EDC439A430EFA07F31A4348
:10293000B8F1120F02605BD80BFA08F212F0061F12
:1029400056D08368D1E902262340BE4033438360DA
:1029500043684FEA181623EA0903AE403343436045
:10296000C368BA4023401A43C260029C5FEAC802AF
:10297000A0D542F2000E25F00302C4F2024E7244CA
:10298000D2F860800AF018060F23B34028EA030843
:10299000009B03FA06F648EA06031366DEF8008099
:1029A0004B6848EA0406DA0258BF28EA0406CEF863
:1029B0000060DEF804809A0248EA040658BF28EA5C
:1029C0000406CEF80460DEF884809A0348EA040620
:1029D00058BF28EA0406CEF88460DEF88020DB03C6
:1029E00042EA040658BF22EA0406CEF8806061E796
:1029F0008A68BEF1030F08BF012AB1D1B5E700BF55
:102A000003B0BDE8F04F70471823002A08BF282301
:102A1000C150704740F6A850C2F2000000687047ED
:102A200040F2180040F6A851C2F20000C2F20001C4
:102A300000780A68104408607047000080B50320E1
:102A400000F0B6F802F020F940F62041C4F202414D
:102A500009684CF6FA4201F00F01C0F60002515C21
:102A6000C84040F22401C2F200010860042003F0D3
:102A7000B3F90F2000F008F800281CBF012080BD2A
:102A800000F056F8002080BDB0B540F21805C2F243
:102A900000052978E1B304464EF21000CEF20000A2
:102AA0000068400710D403F0E5F9022824D001287B
:102AB0001AD078BB40F22400C2F2000000682978E6
:102AC0004FF4FA5207E000BF40F22400C2F20000C7
:102AD00000684FF47A72B2FBF1F1B0FBF1F003F051
:102AE000B7F9A8B91BE000BF28784FF47A71B1FBA1
:102AF000F0F04FF4FA4106E028784FF47A71B1FB18
:102B0000F0F04FF40041B1FBF0F003F0A1F930B167
:102B10000120B0BD002003F09BF90028F8D14FF050
:102B2000FF302146002200F017F800206C60B0BD95
:102B300070470000002848BF704700F01F010122C5
:102B4000C0F34A1002FA01F14EF20012CEF2000276
:102B500042F820107047000010B54EF60C5CCEF223
:102B6000000CDCF80030C3F3022E8EF00704042CB6
:102B700028BF0424BEF103034FF0FF3E38BF0023FB
:102B80000EFA04F4A14399400EFA03F39A43114359
:102B900000F00F0200F160430901043A03F56443B9
:102BA0006244002848BF02F10C03197010BD0000F8
:102BB0004EF60C51CEF200010A684FF6FF031A40A0
:102BC00060F30A2242F0806040F0FD7008607047B8
:102BD00001220168C0F8D822002280F8CC22486D7A
:102BE00040F001004865486D40F0020200204A654F
:102BF00070470000002804BF01207047F0B581B085
:102C0000044690F8950228B9002084F894022046E2
:102C100000F01CF9032084F89502206805F0CAFE34
:102C200094E80F00267C009605F098FE002840F0FE
:102C3000F4802068002105F0C7FE002840F0ED80F8
:102C400094F804E0BEF1000F00F0E0800EF0030CF9
:102C5000BEF1040F4FF0000238D30EF0FC03A4F1D4
:102C6000A0000321012500BFCE1E80F8B4608E1E97
:102C700080F8DC604E1E80F8046180F82C110E1D77
:102C8000013180F8B55080F8B720C0E93122C0F892
:102C9000CC2080F8DD5080F8DF20C0E93B22C0F86E
:102CA000F42080F8055180F80721C0E94522C0F8DA
:102CB0001C2180F82D5180F82F21C0E94F22C0F847
:102CC0004421A03099423146CED1F21EBCF1000F12
:102CD0002ED002EB820104F1140000EBC1050123A8
:102CE00000F831200021BCF1010F6B70E970C5E9DB
:102CF0000411A9611CD0551C05EB8506BCF1020F1F
:102D000000EBC60700F836507B70F970C7E9041174
:102D1000B9610DD0911C01EB8102012500EBC203CA
:102D200000F8321000205D70D870C3E9040098618B
:102D3000BEF1000F6AD0BEF1040F4FF0000235D390
:102D40000EF0FC0003212346CF1E83F854718F1E22
:102D500083F87C714F1E83F8CC110D1D013183F86F
:102D6000552183F85721C3E95922C3F86C2183F810
:102D70007D2183F87F21C3E96322C3F8942183F87E
:102D8000A52183F8A47183F8A721C3E96D22C3F8B4
:102D9000BC2183F8CD2183F8CF21C3E97722C3F882
:102DA000E421A03381422946CED1EA1EBCF1000FB6
:102DB0002CD002EB820304F5AA7000EBC3070021BC
:102DC000BCF1010F797000F83320F970C7E90411E4
:102DD000B9611BD0531C03EB8307BCF1020F00EB5E
:102DE000C70600F837307170F170C6E90411B1619F
:102DF0000CD0911C01EB8102002700EBC20300F80C
:102E000032105F70DF70C3E904779F6194E80F00B0
:102E1000277C009705F0BEFD30B1022084F89502B2
:102E2000012001B0F0BD00BF00206074012084F8D3
:102E30009502207B012804BF2046FFF7C9FE2068C9
:102E400005F0A0FD002001B0F0BD000010B5B6B047
:102E5000044602A80830C821FDF778FB206846F236
:102E60000001C4F20101884202D036B010BD00BF9B
:102E700010200390002002903020339002A801F02F
:102E800029F8002818BFFDF769FE00F00FF840F69A
:102E9000A440C4F20240016841F080710160006802
:102EA00000F080700190019836B010BD40F63800F7
:102EB000C4F20240016841F00071016070470000F7
:102EC00040F67441C4F202410A6842F080720A601E
:102ED0000A6822F080720A6090E80E1011431943CC
:102EE000026941EA0C0141EA024146F20002C4F2E1
:102EF000000251601168406921F47C5141EA0020D0
:102F00001060106840F060001060704710B540F627
:102F1000284CC4F2024CDCF80CE0DCF80010DCF8C1
:102F20000020C2F30523DCF80020DCF81040DBB3FE
:102F3000E408D20604EAE27201F003016FF35F32A3
:102F400000EE102A0329B8EE400A6FF35F2E37D047
:102F500002292FD001295CF8281C49F20002C1F394
:102F6000C101C0F2D03222FA01F101EE101A02EED4
:102F7000103AB8EE411AB8EE422A9FED4F3A81EE70
:102F8000021A02EE10EA20EE030AB8EE422A30EEF0
:102F9000020AB7EE002A30EE022A5CF8281C22EE64
:102FA000010A89012CD527E00021C0E900118160C8
:102FB00010BD00BF01EE103A9FED402A04E000BFB3
:102FC00001EE103A9FED3B2AB8EE411A82EE012A3B
:102FD00001EE10EA9FED383AB8EE411A20EE030AEE
:102FE00030EE010AB7EE001A30EE011A5CF8281C28
:102FF00022EE010A890103D5DCF80010C90307D4C9
:10300000002101605CF8281C890118D41BE000BF76
:10301000DCF80C10B7EE002AC1F3462101EE101ABD
:10302000B8EE411A31EE021A80EE011ABCEEC11A56
:1030300011EE101A01605CF8281C890103D5DCF838
:103040000010890302D4002112E000BFDCF80C104C
:10305000B7EE002AC1F3064101EE101AB8EE411A8C
:1030600031EE021A80EE011ABCEEC11A11EE101AEE
:1030700041605CF8281C890144BFDCF800105FEA5D
:10308000413103D40021816010BD00BFDCF80C1079
:10309000B7EE002AC1F3066101EE101AB8EE411A2C
:1030A00031EE021A80EE010ABCEEC00A10EE101AD0
:1030B000816010BD001BB74B000000390024744A2A
:1030C00010B540F62C4CC4F2024CDCF810E0DCF8F1
:1030D0000010DCF80020C2F30523DCF80020DCF847
:1030E0001440DBB3E408D20604EAE27201F0030103
:1030F0006FF35F3200EE102A0329B8EE400A6FF337
:103100005F2E37D002292FD001295CF82C1C49F200
:103110000002C1F3C101C0F2D03222FA01F101EE86
:10312000101A02EE103AB8EE411AB8EE422A9FED9C
:103130004F3A81EE021A02EE10EA20EE030AB8EED0
:10314000422A30EE020AB7EE002A30EE022A5CF87C
:103150002C1C22EE010A09012CD527E00021C0E930
:103160000011816010BD00BF01EE103A9FED402AB2
:1031700004E000BF01EE103A9FED3B2AB8EE411A81
:1031800082EE012A01EE10EA9FED383AB8EE411ABC
:1031900020EE030A30EE010AB7EE001A30EE011AF3
:1031A0005CF82C1C22EE010A090103D5DCF80010A2
:1031B000C90307D4002101605CF82C1C090118D454
:1031C0001BE000BFDCF81010B7EE002AC1F3462167
:1031D00001EE101AB8EE411A31EE021A80EE011A11
:1031E000BCEEC11A11EE101A01605CF82C1C09012A
:1031F00003D5DCF80010890302D4002112E000BFDF
:10320000DCF81010B7EE002AC1F3064101EE101AE7
:10321000B8EE411A31EE021A80EE011ABCEEC11A64
:1032200011EE101A41605CF82C1C090144BFDCF857
:1032300000105FEA413103D40021816010BD00BF5E
:10324000DCF81010B7EE002AC1F3066101EE101A87
:10325000B8EE411A31EE021A80EE010ABCEEC00A45
:1032600010EE101A816010BD001BB74B0000003932
:103270000024744A10B540F6304CC4F2024CDCF81D
:1032800014E0DCF80010DCF80020C2F30523DCF8C1
:103290000020DCF81840DBB3E408D20604EAE2724E
:1032A00001F003016FF35F3200EE102A0329B8EE3C
:1032B000400A6FF35F2E37D002292FD001295CF826
:1032C000301C49F20002C1F3C101C0F2D03222FA2F
:1032D00001F101EE101A02EE103AB8EE411AB8EE02
:1032E000422A9FED4F3A81EE021A02EE10EA20EEDA
:1032F000030AB8EE422A30EE020AB7EE002A30EE98
:10330000022A5CF8301C22EE010A89002CD527E045
:103310000021C0E90011816010BD00BF01EE103A2C
:103320009FED402A04E000BF01EE103A9FED3B2ADA
:10333000B8EE411A82EE012A01EE10EA9FED383A0A
:10334000B8EE411A20EE030A30EE010AB7EE001A79
:1033500030EE011A5CF8301C22EE010A890003D518
:10336000DCF80010C90307D4002101605CF8301CB0
:10337000890018D41BE000BFDCF81410B7EE002A57
:10338000C1F3462101EE101AB8EE411A31EE021ACD
:1033900080EE011ABCEEC11A11EE101A01605CF841
:1033A000301C890003D5DCF80010890302D4002109
:1033B00012E000BFDCF81410B7EE002AC1F306419A
:1033C00001EE101AB8EE411A31EE021A80EE011A1F
:1033D000BCEEC11A11EE101A41605CF8301C890075
:1033E00044BFDCF800105FEA413103D40021816062
:1033F00010BD00BFDCF81410B7EE002AC1F306615F
:1034000001EE101AB8EE411A31EE021A80EE010AEE
:10341000BCEEC00A10EE101A816010BD001BB74B45
:10342000000000390024744A80B584B04FF6FF7361
:103430000246C0F23F0300209B1A70EB0103C0F26A
:10344000618041F6FF739B1A70EB0103C0F290801C
:10345000B2F1010E61F1000CDEF11F034FF0000329
:1034600073EB0C03C0F0CE81DFE81EF02000A60253
:103470009A03EA019A039A039A0346029A039A036B
:103480009A039A039A039A039A0376029A039A0379
:103490009A039A039A039A039A039A039A039A0344
:1034A0009A039A039A039A039A03160240F600407D
:1034B000C4F20240D0F8D81011F0070100F00084E7
:1034C0000268012903D112F0006240F01D840268F5
:1034D000022903D112F0005240F0D383036802683E
:1034E000032903D113F0020340F0A984042903D176
:1034F00012F4007240F0D584D0F8F000052900F0F5
:1035000063BC00BF6FF040439B1A70EB01036FDA9E
:10351000072940F3CD80B1F5007F80F2218181F051
:103520000803134300F0EC8281F01001114340F0D6
:10353000378340F60040C4F20240D0F8E41001F0B6
:103540003001102900F0DA830268202903D112F03B
:10355000005240F09683006810F400501CBF46F6FD
:103560000040C0F2DC20302918BF002018E300BF63
:103570004FF6FF739B1A4FF0000C7CEB010380F2B7
:10358000BB804FF6FF73C0F203039B1A7CEB010371
:10359000C0F2028182F480330B4300F0E58282F4B2
:1035A0000032114340F0FC8240F60040C4F2024079
:1035B000D0F8DC10C1F30221052900F2AB83DFE86B
:1035C00011F0390105037903CD03C303070000BFE0
:1035D000D0F8E810036802689B0701F0404102D56B
:1035E000002900F02C84920500F1368400F037BCED
:1035F0006FF078439B1A4FF000038B4124DB82F479
:1036000080030B4300F0568282F000730B4300F0FE
:10361000F98182F08062114340F0C28240F600409E
:10362000C4F20240D0F8E810026801F030019204C0
:1036300040F14C83002940F0498346F60040C0F237
:10364000DC2004B080BD00BF82F000630B4300F0BB
:103650003B8282F080530B4300F0068282F00052DE
:10366000114340F09D8240F60041C4F20241D1F87E
:10367000E000C0F38212042A00F24C8348F20000FA
:10368000C0F2BB00DFE812F03A03A20236028C025D
:10369000060000BFD1F8E8200B6808689B0702F01D
:1036A000404240F10282002A00F0A083FDE100BF09
:1036B00082F080430B4300F0CB8281F0020313437E
:1036C00000F08A8281F00401114340F0698240F6E3
:1036D0000040C4F20240D0F8E8100068800301F412
:1036E000407040F10583002840F0028343F20060FF
:1036F000C0F26E1004B080BD82F400530B4300F0A2
:10370000C78282F480430B4300F07E8282F4004241
:10371000114340F0458240F60040C4F20240D0F828
:10372000E41001F44011B1F5801F00F0C3820029BC
:1037300000F0808002680068B1F5001F03D112F02C
:10374000020240F0538310F400701CBF40F60010DA
:10375000C0F23D00B1F5401F18BF002004B080BD8D
:1037600081F40073134300F0E78181F48051114329
:1037700040F0168240F60041C4F20241D1F8E40064
:1037800000F04060B0F1806F00F09482002851D0CA
:103790000A68B0F1006FF9E182F480230B4300F076
:1037A000018282F40012114340F0FA8140F6004099
:1037B000C4F20240D0F8E81001F00701022900F03D
:1037C0001D82012900F0DC82002900F011820268CC
:1037D000032902D112F4003288D10268006804295A
:1037E00003D112F0020240F0018310F400701CBFFC
:1037F00040F60010C0F23D00052918BF002004B0BB
:1038000080BD00BF82F48052114340F0C98140F670
:103810000040C4F20240D0F8E01001F0E061B1F1E4
:10382000007F00F02E82B1F1807F00F06D820029D0
:1038300040F0B88204B0BDE8804001F001BA00BF9A
:1038400040F60040C4F20240D0F8D81011F4E07104
:1038500000F02A820268402903D112F0006240F091
:1038600053820268802903D112F0005240F009828D
:1038700003680268C02903D113F0020340F0DF821D
:10388000B1F5807F03D112F4007240F00A83D0F8C2
:10389000F000B1F5A07F97E240F60040C4F202408C
:1038A000D0F8D81011F4603100F0FE810268B1F553
:1038B000004F03D112F0006240F026820268B1F599
:1038C000803F03D112F0005240F0DB8103680268B0
:1038D000B1F5C03F03D113F0020340F0B082B1F55F
:1038E000003F03D112F4007240F0DB82D0F8F00008
:1038F000B1F5203F68E200BF40F60040C4F202404C
:10390000D0F8D81011F4606100F0CE810268B1F5F2
:10391000007F03D112F0006240F0F6810268B1F539
:10392000806F03D112F0005240F0AB81036802684F
:10393000B1F5C06F03D113F0020340F08082B1F5FE
:10394000006F03D112F4007240F0AB82D0F8F000A7
:10395000B1F5206F38E200BF40F60040C4F20240EB
:10396000D0F8D81011F4E04100F09E810268B1F562
:10397000805F03D112F0006240F0C6810268B1F5A9
:10398000005F03D112F0005240F07B8103680268AF
:10399000B1F5405F03D113F0020340F05082B1F55E
:1039A000804F03D112F4007240F07B82D0F8F00017
:1039B000B1F5A04F08E200BF40F60040C4F202405B
:1039C000D0F8D81011F0380100F06E810268082993
:1039D00003D112F0006240F09781102900F051816C
:1039E00003680268182903D113F0020340F027820C
:1039F000202903D112F4007240F05382D0F8F00075
:103A00002829E1E140F60041C4F20241D1F8F0007A
:103A1000D1F8F020920700F4407203D5B2F5807F10
:103A200000F06181D1F8F000000103D5B2F5007F0C
:103A300000F07D80086880034FF0000040F1B08006
:103A4000B2F5407F40F0AC80C86910F4785F00F0B8
:103A50006181C86943F20061C0F30520C0F26E11B4
:103A6000B1FBF0F004B080BD40F60041C4F2024169
:103A7000D1F8E000C0F3C202042A00F24B8148F200
:103A80000000C0F2BB00DFE812F03901A1003500F0
:103A90008B000500D1F8E8200B6808689B0702F04E
:103AA000404202D5002A00F0A181800500F1F68194
:103AB000FEE100BF40F60040C4F20240D0F8E4004E
:103AC000400640F11B8199E040F60041C4F20241FA
:103AD000D1F8E00000F00702042A00F21B8148F24E
:103AE0000000C0F2BB00DFE812F009017100050020
:103AF0005B00770101A8FFF7BDFB019804B080BD12
:103B000040F60040C4F20240D0F8E810D0F8F020AF
:103B100001F0C001920702D5002900F0E480D0F83E
:103B2000F020120140F12281402940F01F814FF422
:103B3000FA4004B080BD00BF40F60041C4F202412B
:103B4000D1F8E800D1F8F02000F00800920702D583
:103B5000002800F0C880D1F8F010002818BF4FF4FA
:103B6000FA4001F00061AFE140F60041C4F20241C9
:103B7000D1F8E40000F04070B0F1807F00F09A804E
:103B8000002800F091800A68B0F1007F4FF000003B
:103B900006D112F0020203D00868C0F3C10050E160
:103BA00004B080BD40F60040C4F20240D0F8DC1002
:103BB000C1F30231052900F2AD80DFE811F0750094
:103BC00007007B00CF00C500370100BF01A8FFF749
:103BD00077FA019804B080BD40F60040C4F202407C
:103BE000D0F8E41001F00301DFE801F0028808D00A
:103BF00004B0BDE8804000F0C3BF00BF01A8FFF7DC
:103C00005FFA039804B080BD40F60040C4F2024061
:103C1000D0F8E41001F44021B1F5802F4AD00029FA
:103C200042D002680068B1F5002F03D112F0020201
:103C300040F0DC8010F400701CBF40F60010C0F2B1
:103C40003D00B1F5402F18BF002004B080BD00BF7B
:103C500040F60040C4F20240D0F8E01011F4606178
:103C60002ED00268B1F5007F02D112F000624BD174
:103C70000268B1F5806F40F0BD8012F0005200F094
:103C8000B98001A8FFF7F6FA029804B080BD00BF22
:103C900040F60040C4F20240D0F8E41001F4403194
:103CA000B1F5803F06D0C9BB04B0BDE8804000F04C
:103CB0007FBF00BF01A8FFF7DDFA039804B080BD05
:103CC00004B0BDE8804000F097BF00BF02689201D9
:103CD00001D5102912D0D0F8F020920740F1CC8005
:103CE000202940F0C9804FF4004004B080BD00BFDF
:103CF000B0F5007F08D0B0F5807F0BD101A8FFF7A9
:103D000005F9029804B080BD01A8FFF7D9F902981F
:103D100004B080BD002004B080BD00BF0268006810
:103D2000B1F5003F02D112F002025FD110F4007031
:103D30001CBF40F60010C0F23D00B1F5403F18BF77
:103D4000002004B080BD00BFD0F8F0004FF4FA416D
:103D5000000101EAE07004B080BD00BFD0F8F000BF
:103D60004FF4004101EA803004B080BD0068802932
:103D700000F400724FF0000008BF48F2120085E026
:103D800004B0BDE8804000F07FBF00BFD0F8E8106D
:103D9000036802689B0701F040415BD500294ED0C3
:103DA00058E000BF03680268B1F1407F02D113F010
:103DB000020344D1B1F1806F02D112F4007270D1CC
:103DC000D0F8F000B1F1A06F00F002024FF0000057
:103DD00008BF900304B080BDD1F8E8200B680868E4
:103DE0009B0702F0404257D5002A55D1C0F3C100CD
:103DF00027E000BF03680268B1F5C06F02D113F07D
:103E000002031CD1B1F5006F02D112F4007248D147
:103E1000006810F400301CBF43F20060C0F26E1066
:103E2000B1F5206F18BF002004B080BDD0F8E810B5
:103E3000036802689B0701F040410BD551B9C2F3FA
:103E4000C10049F20001C0F2D03121FA00F004B003
:103E500080BD00BF920502D5B1F1804F21D000682E
:103E6000B1F1004F00F400324FF0000004BF43F204
:103E70000060C0F26E1009E0D0F8F000302900F0C8
:103E800000624FF0000008BF4FF4FA40002A08BF5C
:103E9000104604B080BD00BF800509D5B2F1804F47
:103EA00006D140F60010C0F23D0004B080BD00BF56
:103EB0000868B2F1004F00F400314FF0000004BF79
:103EC00043F20060C0F26E10002908BF084604B03B
:103ED00080BD00002DE9F0470446006840F6284800
:103EE000C101C4F2024807D5D8F8C010A26D21F074
:103EF00040411143C8F8C010C00712D0E06D05283A
:103F000000F25482DFE810F00600B604EA01060071
:103F100006000600D8F8B01021F007010843C8F8E1
:103F2000B00000252078800702D428461BE000BF9F
:103F3000206E4FEAF001052900F23A822846DFE8B8
:103F400011F00700A504D70107000700070000BF14
:103F5000064648B9D8F8B000216E20F03800084372
:103F6000C8F8B00000202E462178490719D5616EA7
:103F70004FEAB111052900F22382DFE811F00700B2
:103F80008D04BF0107000700070000BF054648B9C0
:103F9000D8F8B000616E20F4E0700843C8F8B000B3
:103FA000002035462178090719D5A16E4FEA712105
:103FB000052900F20D82DFE811F007007504A70162
:103FC00007000700070000BF064648B9D8F8B00050
:103FD000A16E20F460600843C8F8B00000202E46AF
:103FE0002178C90619D5E16E4FEA3131052900F271
:103FF000F781DFE811F007005D048F01070007007B
:10400000070000BF054648B9D8F8B000E16E20F4BB
:10401000E0400843C8F8B000002035462178890602
:1040200019D5216F4FEAF131052900F2E181DFE86E
:1040300011F007004504770107000700070000BFE3
:10404000064648B9D8F8B000216F20F46030084324
:10405000C8F8B00000202E466178C90619D5616FF6
:104060004FEA3161052900F2CB81DFE811F007004A
:104070002D045F0107000700070000BF054648B98F
:10408000D8F8B800616F20F0E0600843C8F8B800C5
:1040900000203546617889061AD5A16F6FF00102BC
:1040A00002EB3142022A08D34FEA314129B10129FA
:1040B0002ED104F1300003F0A3FA064648B9D8F82F
:1040C000BC00A16F20F440300843C8F8BC000020B9
:1040D0002E466178490620D5E16F6FF0010202EBB0
:1040E000B142022A08D34FEAB14129B1012937D19F
:1040F00004F1300003F084FA054678B9D8F8BC0022
:10410000E16F20F440200843C8F8BC00002004E020
:104110000120012661784906DED43546617809061A
:1041200023D5D4F880106FF0010202EB3152022A3D
:1041300008D34FEA315129B1012939D104F13000B6
:1041400003F05EFA064688B9D8F8BC00D4F88010AF
:1041500020F440100843C8F8BC00002005E000BF70
:104160000120012561780906DBD42E46A178C90714
:1041700023D0D4F88410002918BFB1F1007F0DD1ED
:104180000746D8B9D8F8BC00D4F8841020F04070A5
:104190000843C8F8BC0000200FE000BFB1F1807FE9
:1041A00030D104F1300003F02BFA074630B9E9E7CB
:1041B00001200126A178C907DBD137466179C906FC
:1041C00025D5D4F88810002918BFB1F1006F0DD1A2
:1041D0000546E8B9D8F8BC00D4F8881020F0406053
:1041E0000843C8F8BC00002011E000BFB1F1806FA7
:1041F00040F0708004F1300003F002FA054638B94F
:10420000E8E700BF012001276179C906D9D43D46FE
:10421000D4E9001240F61C47C4F20247120508D543
:104220003A6822F400423A60D4F8C8203B681A4346
:104230003A6089031AD5D4F88C104FEA3121052948
:1042400000F2E680DFE811F0060046037800060081
:1042500006000600064650B9D8F8B400D4F88C1011
:1042600020F4E0600843C8F8B40000202E46A1788E
:1042700049071BD5D4F890104FEA3131052900F2D7
:10428000CF80DFE811F007002D035F000700070073
:10429000070000BF054650B9D8F8B400D4F8901014
:1042A00020F4E0400843C8F8B40000203546A17867
:1042B00089065ED5D4F8A010052900F2B98002293C
:1042C00046D0002802464AD0D4E900139B0555D4B5
:1042D000B4E000BF012001259AE700BF04F13000DF
:1042E00003F08EF9054600287FF41CAECAE200BF39
:1042F00004F1300003F084F92AE600BF04F1300035
:1043000003F07EF942E600BF04F1300003F078F9D3
:104310005AE600BF04F1300003F072F972E600BF04
:1043200004F1300003F06CF98AE600BF04F13000BC
:1043300003F066F9A2E600BF04F1300003F060F973
:1043400088E700BF04F1300003F05AF9A2E700BF8C
:1043500004F1080003F0DEF800280246B4D1D8F8D2
:10436000C000D4F8A01020F007000843C8F8C0002F
:1043700000202A46D4E900139B055FD5D4F8A43069
:1043800043F00806082E0BD1814660B9D8F8C0006A
:1043900020F008001843C8F8C00000204EE000BF1D
:1043A00001204FF0010989014BD4A8E00125B9E5AE
:1043B00001200126217849073FF5D9ADF1E500BF7D
:1043C00001200125217809073FF5EFAD07E600BF81
:1043D000012001262178C9063FF505AE1DE600BF84
:1043E00001200125217889063FF51BAE33E600BF89
:1043F000012001266178C9063FF531AE49E600BFCC
:1044000001200125617889063FF547AE60E600BFCF
:1044100001200126A17849073FF52CAF46E700BFF0
:1044200001200125A17889063FF544AFA1E700BF2F
:1044300001200122D4E900139B059FD491468901F4
:104440005DD54FF60846CFF6FF768246B85940F064
:104450000100B851FEF7DEFA054600BFB859C007A3
:1044600008D1FEF7D7FA401B0228F7D90320032111
:1044700046E000BF5046BAF1000F514640D1D8F88F
:10448000C80010F440701AD0D4F8BC1001F4407188
:10449000884211D0D8F8C800D8F8C81020F440706D
:1044A00041F48031C8F8C810D8F8C81021F4803120
:1044B000C8F8C810C8F8C800C00740F01D82D4F87A
:1044C000BC0039684FF6CF7300F4407221F47C5180
:1044D000C0F2FF0303EA1013B2F5407F08BF19438F
:1044E0003960D8F8C8106FF31F3021F44071C8F854
:1044F000C810D8F8C8100843C8F8C80000204946BA
:10450000226853011CD5D4F898306FF0010707EBEF
:104510003317022F0AD34FEA33173FB1012F17D1B8
:10452000D8F8007047F40037C8F80070054640B965
:10453000D8F8C00020F030001843C8F8C0000020B0
:104540000D46510208D42E46E178090714D451E0F3
:10455000012001255102F6D5D4F89C10402921D024
:1045600091BBD8F8001041F40031C8F8001006469D
:10457000F8B1E17809073DD5D4F8AC10042900F270
:104580005F81DFE811F005003F0127002B002B00C1
:10459000D8F8001041F40031C8F80010054650BBAF
:1045A0001EE000BF04F1080002F0B4FF0028064638
:1045B000DFD1D8F8BC00D4F89C1020F040000843AC
:1045C000C8F8BC000020BEE701200126E1780907F9
:1045D000D2D40FE004F1300003F012F8054650B9D0
:1045E000D8F8B800D4F8AC1020F007000843C8F899
:1045F000B80000203546E178C90627D5D4F8B010B8
:104600004FEAF101042900F21F81DFE811F00500F3
:1046100005010F0013001300D8F8001041F4003119
:10462000C8F80010064690B906E000BF04F130005B
:1046300002F0E6FF064650B9D8F8B800D4F8B0103A
:1046400020F038000843C8F8B80000202E46E17872
:10465000890627D5D4F8B4104FEAB111042900F225
:10466000F780DFE811F00500E3000F0013001300EE
:10467000D8F8001041F40031C8F80010054690B990
:1046800006E000BF04F1300002F0BAFF054650B961
:10469000D8F8B800D4F8B41020F4E0700843C8F893
:1046A000B80000203546E17849061BD5D4F8B8108B
:1046B0004FEA7121052900F2D580DFE811F00700EB
:1046C0001701CD0007000700070000BF064650B9DC
:1046D000D8F8B800D4F8B81020F460600843C8F8DF
:1046E000B80000202E46217989071BD5D4F8A810E0
:1046F000032900F28380DFE801F00903770900BF96
:10470000D8F8001041F40031C8F80010054650B93F
:10471000D8F8BC00D4F8A81020F003000843C8F86B
:10472000BC00002035462179490721D5D4F89410E2
:1047300059B1B1F5007F0BD0B1F5807F3CD1D8F8ED
:10474000001041F40031C8F80010064688B905E0B1
:1047500004F1080002F0DEFE064650B9D8F8C000A9
:10476000D4F8941020F440700843C8F8C00000202A
:104770002E462179C90624D5D4F8C410302909D091
:10478000202909D010292DD1D8F8001041F400318A
:10479000C8F80010B0B904E004F1300002F030FFB6
:1047A00080B9D8F8BC00D4F8C41020F03000084319
:1047B000C8F8BC0005E000BF012001262179C90628
:1047C000DAD430462179090758BFBDE8F087D8F818
:1047D000C010D4F8C02021F0C0011143C8F8C010A7
:1047E000BDE8F0870120EDE704F1080002F092FE39
:1047F000002805467FF497AF8AE700BF0120012516
:1048000091E700BF04F1080002F084FE002805468D
:104810007FF4F1AEE4E600BF04F1080002F07AFE96
:10482000002806467FF413AF06E700BF04F1080036
:1048300002F070FE002805467FF435AF28E700BF80
:1048400001200125D7E600BF01200126FFE600BFB9
:104850000120012527E700BF04F1300002F0D0FE5F
:1048600034E700BF01200126217989073FF53EAFDB
:1048700058E700BF04F1080002F04CFE054600288E
:104880007FF450ABE06DFFF745BB00BF04F10800BB
:1048900002F040FEFFF75CBB04F1080002F03AFEB4
:1048A000FFF774BB04F1080002F034FEFFF78CBB85
:1048B00004F1080002F02EFEFFF7A4BB04F108008B
:1048C00002F028FEFFF7BCBB04F1080002F022FE54
:1048D000FFF7D4BB04F1080002F01CFEFFF7BABCDE
:1048E00004F1080002F016FED4E400BF04F1080051
:1048F00002F010FEEAE600BFFEF78CF8054641F232
:10490000883600BFD8F8C80080073FF5D8ADFEF75D
:1049100081F8411B0320B1424FF00301F2D9EFE5CA
:104920002DE9F04381B0002800F0D08042F2000869
:10493000C4F202080446D8F800000D4600F00F004B
:1049400088420DD2D8F8000020F00F002843C8F8A4
:104950000000D8F8000000F00F00A84240F0B68038
:10496000206840F62047C106C4F202470CD56169B1
:104970003A68702303EA1222914205D93A6822F478
:10498000E04242EA0121396001070CD521693A6809
:10499000702303EA1212914205D93A6822F4E062C8
:1049A00042EA0111396041070AD5E1683A6802F02C
:1049B0007002914204D93A6822F0700211433960C2
:1049C00081070AD5A1683A6802F00F02914204D922
:1049D0003A6822F00F0211433960C00768D120689D
:1049E00081070AD5A1683A6802F00F02914204D209
:1049F0003A6822F00F0211433960D8F8001001F034
:104A00000F01A9420CD9D8F8001021F00F01294359
:104A1000C8F80010D8F8001001F00F01A94255D1D4
:104A200041070AD5E1683A6802F07002914204D267
:104A30003A6822F070021143396001070CD52169F0
:104A40003A68702303EA1212914205D23A6822F4BE
:104A5000E06242EA01113960C0060CD5606939682C
:104A6000702202EA1121884205D2396821F4E0411E
:104A700041EA0020386000F007F939684CF6FA4244
:104A800001F00F01C0F60002525C40F21C01C2F2BC
:104A90000001096840F2240320FA02F2C2F2000386
:104AA00008461A6001B0BDE8F043FDF7EDBF00BF56
:104AB000606857F8201C01280CD0022804D0032875
:104AC0005AD1890102D507E0890305D4012001B03C
:104AD000BDE8F0838905F9D557F8041C21F00301DE
:104AE000084347F8040CFDF795FF61680646032963
:104AF00041F2883939D0022929D0012910D100BFCB
:104B000057F8040C00F0180008283FF468AFFDF7D0
:104B100081FF801B48454FF00300F1D90DE000BF35
:104B200057F8040C10F0180F3FF459AFFDF772FF5F
:104B3000801B48454FF00300F2D901B0BDE8F08377
:104B4000FDF768FF801B48454FF00300F5D857F884
:104B5000040C00F018001028F2D140E7FDF75AFFCE
:104B6000801B48454FF00300E7D857F8040C00F0CD
:104B700018001828F2D132E78907A7D5ACE7000062
:104B800080B500F081F840F62041C4F20241096886
:104B90004CF6FA4201F00F01C0F60002515C01F040
:104BA0001F01C84040F22401C2F20001086080BD2C
:104BB00080B500F069F840F62041C4F202410A686D
:104BC0004CF6FA4302F00F02C0F600039A5C02F0C2
:104BD0001F02D04040F22402C2F2000210600968B5
:104BE0004CF60A52C1F30211C0F60002515C01F00A
:104BF0001F01C84080BD000080B500F045F840F6B8
:104C00002041C4F202410A684CF6FA4302F00F0256
:104C1000C0F600039A5C02F01F02D04040F224026A
:104C2000C2F20002106009684CF60A52C1F3022178
:104C3000C0F60002515C01F01F01C84080BD0000B9
:104C400080B500F021F840F62041C4F202410A6824
:104C50004CF6FA4302F00F02C0F600039A5C02F031
:104C60001F02D04040F22402C2F200021060096824
:104C70004CF60A52C1F30231C0F60002515C01F059
:104C80001F01C84080BD000080B540F60041C4F25D
:104C90000241C86900F01800082802BF40F6001061
:104CA000C0F23D0080BDC86910F0180F34D0C8694B
:104CB00000F01800102802BF43F20060C0F26E102E
:104CC00080BDC86900F01800182849F20000C0F241
:104CD000D03066D1D1F828E08A6AC2F3052C8A6AFE
:104CE0008B6BBCF1000F04BF002080BDDB08D20637
:104CF00003EAE2726FF35F3200EE102A0EF0030255
:104D0000B8EE400A032A15D0012A17D10A68920684
:104D100018D49FED251A1DE00868800649F20000AE
:104D2000C0F2D03058BF80BD0968C1F3C101C8408E
:104D300080BD00BF9FED1B1A0CE000BF9FED1B1A4A
:104D400008E000BF0A68C2F3C102D04001EE100AB9
:104D5000B8EE411A02EE10CA486BB8EE422A6FF361
:104D60005F2081EE021A02EE100A9FED113AB8EEB2
:104D7000422A20EE030A486B30EE020AB7EE002A00
:104D8000C0F3462030EE020A013021EE000A01EEA7
:104D9000100AB8EE411A80EE010ABCEEC00A10EE0D
:104DA000100A80BD001BB74B0024744C0024744AC9
:104DB00000000039002804BF012070472DE9F043AE
:104DC00081B040F6004740F6F0490446C4F202477D
:104DD000C4F20249F86959F8C81C227800F0180892
:104DE000D00601F003062AD5B8F1080F1CD0B8F19F
:104DF000180F08BF022E17D0E1693868002900F0AB
:104E00006D8140F480703860FDF704FE054600BFF8
:104E1000386880050CD4FDF7FDFD401B02284FF0DB
:104E20000300F5D958E200BFE069002800F0E480F3
:104E3000B869216A20F47C1040EA0140B86120780A
:104E4000C00719D0B8F1100F12D0B8F1180F08BF71
:104E5000032E0DD061683868B1F5A02F60DA002903
:104E600000F0B081B1F5803F00F0CE819EE100BF3F
:104E70006068002800F0C0802078800777D5B8F1FE
:104E8000000F21D0E068B8F1180F08BF012E55D0EF
:104E90003968002800F06681206921F01801084374
:104EA0003860386840F001003860FDF7B3FD054612
:104EB0003868800754D4FDF7ADFD401B02284FF041
:104EC0000300F5D908E200BFE068002800F09480F4
:104ED0003968206901F01801814231D0396821F028
:104EE000180108433860FFF7CFFE396A4CF6FA42E2
:104EF00001F00F01C0F60002515C40F2240201F003
:104F00001F0120FA01F140F21C00C2F2000000680B
:104F1000C2F200021160FDF7B7FD00286CD10FE06E
:104F200000F06A81B1F5A81F40F0408140F4802074
:104F30003860386840F4801064E100BF00285BD01E
:104F4000FDF768FD054600BF3868800708D4FDF707
:104F500061FD401B0228F7D9032001B0BDE8F083B2
:104F60003869616920F4FE0040EA01403861207828
:104F7000000745D4207840075CD42078800600F1F3
:104F80007F80A56AA5B3B8F1180F40F0C98059F821
:104F9000C81C59F8BC0C012D2ED0E26A01F00303A5
:104FA000934229D1C1F30521226B914224D1626B36
:104FB00001466FF35F21013A91421DD1A16BC0F30D
:104FC000462201398A4217D1E16BC0F3064201390A
:104FD0008A4211D1216CC0F30660013988420BD19D
:104FE00059F8B80CE16CC0F3CC00884240F0E8817D
:104FF000002001B0BDE8F083012001B0BDE8F083DE
:10500000A169D9F80000002952D040F08060C9F8A9
:105010000000FDF7FFFC0546D9F800000001A9D407
:10502000FDF7F8FC401B0228F6D9032001B0BDE8CB
:10503000F08300BF4FF62446CFF6FF76B859C0077D
:1050400012D1B85940F00100B851FDF7E3FC054614
:10505000B859C00708D1FDF7DDFC401B02284FF00E
:105060000300F5D938E100BFA168D9F80000042990
:1050700046DC002900F0EA80012900F01781D5E024
:10508000616A3868002900F07F8040F48050386001
:10509000FDF7C0FC054600BF386880043FF571AFDE
:1050A000FDF7B8FC401B02284FF00300F4D913E1D0
:1050B00020F08060C9F80000FDF7ACFC054600BF99
:1050C000D9F8000000017FF555AFFDF7A3FC401BA8
:1050D00002284FF00300F3D9FEE000BF20F48070F7
:1050E0003860FDF797FC0546386880057FF5A7AE68
:1050F000FDF790FC401B02284FF00300F4D9EBE0D1
:10510000052900F0C780852940F0908040F0040018
:10511000C9F80000D9F8000040F08000C2E000BFEC
:10512000386820F080703860FDF774FC022D054669
:105130000CD100BF3868800140F1D280FDF76AFCD5
:10514000401B02284FF00300F4D9C5E03868800105
:1051500040F12881FDF75EFC401B02284FF0030060
:10516000F4D9B9E021F001003860FDF753FC0546A1
:10517000386880077FF5FBAEFDF74CFC401B02282A
:105180004FF00300F4D9A7E020F480503860FDF719
:1051900041FC0546386880047FF5F3AEFDF73AFC24
:1051A000401B02284FF00300F4D995E020F4803032
:1051B0003860386820F480203860386820F4801027
:1051C00024E000BF20F480303860386820F480107C
:1051D0003860386820F480203860FDF71BFC0546F5
:1051E000386880037FF548AEFDF714FC401B642847
:1051F0004FF00300F4D96FE040F480203860386845
:1052000020F480103860386840F480303860FDF752
:1052100001FC0546386880033FF52EAEFDF7FAFB2A
:10522000401B64284FF00300F4D955E020F0010042
:10523000C9F80000D9F8000020F00400C9F8000007
:10524000D9F8000020F0800032E000BF20F001001B
:10525000C9F80000D9F8000020F08000C9F800006B
:10526000D9F8000020F00400C9F80000FDF7D2FBD7
:10527000054641F2883600BFD9F8000080077FF567
:105280007CAEFDF7C7FB401BB0424FF00300F3D9E3
:1052900022E000BF40F00400C9F80000D9F8000087
:1052A00020F08000C9F80000D9F8000040F00100AB
:1052B000C9F80000FDF7AEFB054641F2883600BF95
:1052C000D9F8000080073FF558AEFDF7A3FB401B5F
:1052D000B0424FF00300F3D901B0BDE8F08300BF46
:1052E00059F8C80C43F6037104F12C0388430ECB24
:1052F000084340EA0220A16B49F8C80C4FF47E42F3
:1053000002EB4121E26B581E4FF4FE0389B203EB1E
:1053100002426FF35F20084402F4FE01226C4FF05A
:10532000FE4303EB0262084402F0FE41084449F8E0
:10533000BC0C59F8C80C20F0100049F8C80CE06CFF
:10534000C00049F8B80C59F8C80C40F0100049F8F2
:10535000C80C59F8C80C616C20F00C00084349F8DF
:10536000C80C59F8C80CA16C20F02000084349F87B
:10537000C80C59F8C80C40F4803049F8C80C38689B
:1053800040F080703860FDF745FB044638688001C6
:105390003FF52EAEFDF73EFB001B02284FF0030049
:1053A000F4D999E759F8C80C4FF6FC71CFF6F871AB
:1053B000084049F8C80C002001B0BDE8F08300BFE8
:1053C00059F8C80C20F0100049F8C80CFDF722FB72
:1053D0000546FDF71FFBA842FBD0E06CC00049F872
:1053E000B80C59F8C80C40F0100049F8C80C00205F
:1053F00001B0BDE8F0830000002804BF0120704721
:105400002DE9F04381B0016844F6004441F0805337
:10541000C5F201040022A342826203D1C2680F2AAE
:1054200001D949E0C268C36B012404EB531308326D
:10543000D20803FB02F244F60043C4F2010399428E
:105440000AD043F60043C5F2000303F588339942BE
:1054500004D1082A30D801E0082A2DD842F6FF737B
:10546000C4F20103994213DD43F20003C4F20103C5
:1054700099421FD043F60003C5F20003994219D0A8
:1054800043F20003C5F20103994213D00CE000BFC0
:1054900043F60003C4F2000399420BD043F60043E5
:1054A000C4F20003994205D043F60043C5F200035D
:1054B000994205D1102A03D9012001B0BDE8F0833B
:1054C00090F8891031B9002180F88810044600F066
:1054D00085F82046022180F88910D0E90019D0F81B
:1054E00018800C68B8F1806F24F001040C608C689F
:1054F00004F4F81C10D1B9F1000F05D0B9F5800FF4
:105500000AD1846B74B903E0846BB4F1805F06D177
:105510000C6844F480540C605FEA492402D44FF0D4
:10552000010E0FE0C468072C0AD3D1F800E0066D25
:105530002EF480752E430E604FF0000E07E000BF82
:105540004FF0000E0C6824F480740C60C468C669C7
:10555000876AC36B46EA0C0637433B43234385689F
:10556000D0E904628B60D0E90D34476ABEF1000FC8
:1055700043EA070343EA0403D0E9124743EA060378
:10558000066A42EA030242EA060242EA070242EAE5
:105590000502836D42EA0402C76D42EA0302036E0C
:1055A00042EA070242EA030242EA080242EA090228
:1055B000CA600A6D22F001020A6505D1CA68436D0E
:1055C00022F000421A43CA600021C0F88C10012169
:1055D00080F88910002001B0BDE8F083B0B5BCB000
:1055E000044602A800250830C8213B95CDE939556D
:1055F000CDE93755FAF7AAFF206843F20001C4F25B
:105600000101884202D03CB0B0BD00BF4FF0006045
:10561000029002A80395FEF75DFC002818BFFBF777
:105620009DFA40F68C40C4F20240816941F48051F9
:105630008161816901F4805101910199016841F012
:1056400001010160006837A900F001000190019894
:10565000E0203790022038900020CDE93900052065
:105660003B900020C4F20220FDF70AF93CB0B0BD27
:105670002DE9F047D0F800901D46174604460E4627
:10568000FDF7C8F994F8891001290DD18046002E44
:105690004FF0010018BF002F02D1BDE8F08700BF16
:1056A00094F88800012803D10220BDE8F08700BFEC
:1056B00001210320002284F8881084F88900C4F8AE
:1056C0008C206666A4F86870A4F86A70E266A4F894
:1056D0007020A4F87220A068A267B0F5C02F2068DF
:1056E000E26705D1016841F40061016004E000BF98
:1056F000C26861F35242C26041684FF6FF72914343
:1057000039444160016841F0010101606168B1F50F
:10571000800F03D1016841F400710160E168102934
:1057200016D343F2FF71C5F2000188425CDC43F6F8
:105730000001C4F20001884268D043F60041C4F27F
:105740000001884262D043F20001C4F201015BE033
:10575000072900F2A780B4F86A00002800F0D4807E
:105760004FF6FE706E1CA0F1020A471C10E000BF4D
:10577000616E51F8042B026250466166B4F86A10FB
:105780000844A4F86A00B4F86A00002800F0BC805D
:1057900020684169890709D4FDF73CF9002EF2D051
:1057A000A0EB0800A842EED350E000BFB4F86A10A6
:1057B000042902D3E16B4129DAD2B4F86A10012935
:1057C0000AD9E26B616E42B131F8020BA9F82000F0
:1057D0004FF6FE70D1E700BF616E097880F82010A7
:1057E000606E411C3846C8E743F60001C5F200016F
:1057F00088420BD043F20001C5F20101884205D076
:1058000043F60041C5F2000188424BD1B4F86A006A
:10581000002879D0681C0FD130E000BF616E51F8CC
:10582000042B02626166B4F86A000138A4F86A00C9
:10583000B4F86A00002867D0206841698907EDD470
:10584000FDF7E8F8A0EB0800A842F1D3204602F0EB
:105850009BF8D4F88C0040F48070C4F88C000120D0
:1058600084F88900002084F888000320BDE8F087D0
:10587000FDF7D0F8B4F86A00002845D020684169E7
:105880008907F5D5616E51F8042B02626166B4F8A0
:105890006A000138A4F86A00B4F86A000028EDD163
:1058A00032E000BFB4F86A0070B34FF6FE706E1CB1
:1058B000471C0EE0606E30F8021BA9F82010394634
:1058C0006066B4F86A000844A4F86A00B4F86A0094
:1058D000D0B121684869800708D4FDF79BF8002EF5
:1058E000F4D0A0EB0800A842F0D3AFE7B4F86A0008
:1058F0000128DFD9E26B606E002ADCD050F8042B5F
:105900000A624FF6FE71DBE7681C13D0206840691D
:10591000000713D4FDF77EF8A0EB0800A842F5D3EA
:10592000D4F88C0040F02000C4F88C0006E000BFE2
:10593000FDF770F8206840690007F9D5204602F0AD
:1059400023F8012084F88900002084F88800D4F826
:105950008C00002818BF0120BDE8F0872DE9F04F2A
:1059600081B0D0F80090C66B9A46174604460D46A3
:10597000FDF750F894F8891001290FD180464FF0B7
:10598000010025B1002F18BFBAF1000F02D101B0FC
:10599000BDE8F08F94F88800012803D1022001B0FF
:1059A000BDE8F08F012084F888000520002184F8EC
:1059B0008900C4F88C10E766A4F872A0A4F870A05F
:1059C0006566A4F86AA02068A4F868A0A167E167EA
:1059D000C168102721F4C021C16043F2FF71C5F2F4
:1059E0000001884210DC43F60002C4F2000290423B
:1059F0001DD043F60042C4F20002904217D043F299
:105A00000002C4F201020FE043F60002C5F20002F8
:105A100090420CD043F60042C5F20002904206D0FC
:105A200043F20002C5F20102904218BF0827426803
:105A30004FF6FF739A4352444260026842F00102FB
:105A400002606268B2F5800F4FF0010203D1036873
:105A500043F400730360E36802EB5612102B17D374
:105A6000884200F39D8043F60001C4F200010A9BC6
:105A7000884200F0A88043F60041C4F20001884249
:105A800000F0A18043F20001C4F2010199E000BFDF
:105A9000072B0A9B00F200814FF6FF711FFA82F973
:105AA000012003F1010BA1F1030C012356460FE085
:105AB0004FF0000AB3B21FFA8AF0002B18BF01237F
:105AC00046EA0A01002818BF0120090400F05681A7
:105AD00021681FFA8AF2DB074D6918BF15F002032F
:105AE00012D0B3B23B4493420ED9636E1B7881F857
:105AF0002030636E216801336366B4F86A30013B7D
:105B0000A4F86A30B4F86A604B69C007D0D048691D
:105B1000C00724D14A451DD213F400401AD091F891
:105B20003000E16E0870E06E2168421CE26691F878
:105B300030104170E06E2168421CE26691F830102E
:105B40004170E06E2168421CE26691F830104170AD
:105B500060460AE0032A13D813F4C04010D091F82D
:105B60003000E16E08704FF6FF70E16E0131E166C2
:105B7000B4F872100844A4F87200B4F872A099E75F
:105B80006546FCF747FFBBF1000F07D00A99A0EB71
:105B900008008842AC46FFF48DAF69E0AC4689E767
:105BA00043F60001C5F200010A9B88420BD043F284
:105BB0000001C5F20101884205D043F60041C5F25B
:105BC0000001884268D11FFA82FBBD08012003F161
:105BD0000109012356460FE04FF0000AB3B21FFA45
:105BE0008AF0002B18BF012346EA0A01002818BFDB
:105BF0000120090400F0C28021681FFA8AF2DB0745
:105C00004F6918BF17F002030FD0B3B22B44934271
:105C10000BD9636E53F8047B0F626366B4F86A3085
:105C2000013BA4F86A30B4F86A604B69C007D3D06E
:105C30004869C00704D15A4510D213F400400DD072
:105C4000096BE06E01600430E066B4F87200013860
:105C5000A4F87200B4F872A0C0E700BFFCF7DAFE47
:105C6000B9F1000FBAD00A99A0EB08008842B5D369
:105C7000204601F089FED4F88C0040F48070C4F80E
:105C80008C00012084F88900002084F8880003201B
:105C900001B0BDE8F08F00BF4FF6FF711FFA82FB25
:105CA0007F0801205A1CA1F1010C012356460092E5
:105CB0000FE000BF4FF0000AB3B21FFA8AF0002BCA
:105CC00018BF012346EA0A01002818BF0120090471
:105CD00054D022681FFA8AF1DB07556918BF15F006
:105CE000020310D0B3B23B448B420CD9636E33F83D
:105CF000026BA9F820606366B4F86A30013BA4F82F
:105D00006A30B4F86A605369C007D3D05069C007DD
:105D100016D159450ED213F400400BD0B9F830100B
:105D2000E06E20F8041BB9F8301020F8021C614620
:105D30000DE000BF012913D113F4005010D000BFB3
:105D4000B9F83010E06E20F8021B4FF6FF71E066E4
:105D5000B4F872000844A4F87200B4F872A0ABE77B
:105D60006546FCF757FE009931B10A99A0EB08008F
:105D70008842AC46A0D37BE7AC469DE70A9D681CF1
:105D800014D000BF20684069000713D4FCF742FE1E
:105D9000A0EB0800A842F5D3D4F88C0040F0200016
:105DA000C4F88C0006E000BFFCF734FE20684069B0
:105DB0000007F9D5204601F0E7FD012084F88900AD
:105DC000002084F88800D4F88C00002818BF012037
:105DD00001B0BDE8F08F0000042888BF7047DFE8FD
:105DE00000F0031B13352D004EF21000CEF2000020
:105DF000016821F00401016040F6E440C4F2024071
:105E0000016821F00C0120E04EF21000CEF20000FB
:105E10000168022206E000BF4EF21000CEF2000040
:105E20000168012221F00401016040F6E440C4F25F
:105E30000240016862F3830107E000BF4EF21000E8
:105E4000CEF20000016841F00401016070470000DB
:105E5000411E0020B0EB116F1CBF012070474EF2B5
:105E60001002CEF2000251609060116841F003010F
:105E7000116070474EF21000CEF20000006840073B
:105E800044BF0420704740F6E440C4F2024000687A
:105E900000F00C01081FB0FA80F04009082908BF83
:105EA0000220704790F83C20012A4FF0020200F0D7
:105EB000C08010B580F83D20026842F6FF33D2F86A
:105EC00004E0D2F808C0C5F201039A420CDC42F6A5
:105ED0000043C4F201039A4212D043F20043C4F2D9
:105EE00001039A420CD010E043F20043C5F20103D3
:105EF0009A4205D042F60043C5F201039A4204D10A
:105F00004C682EF4700344EA030E4FF68F73CFF6FD
:105F1000FF530C6803EA0E032343B2F1A04F536012
:105F200014DA41F2FF73C4F200039A4222DC40F219
:105F3000FF73C4F200039A423EDCB2F1804F6BD093
:105F400040F20043C4F2000364E000BF41F2FF737B
:105F5000C5F200039A421FDC40F2FF73C5F2000352
:105F60009A4235DCB2F1A04F56D040F20043C5F260
:105F700000034FE043F2FF33C4F201039A4233DCE3
:105F800041F60003C4F200039A4245D042F60043B2
:105F9000C4F201033EE000BF43F2FF33C5F2010348
:105FA0009A422DDC41F60003C5F200039A4233D039
:105FB00042F600432CE000BF40F60003C4F20003A9
:105FC0009A4229D040F60043C4F2000322E000BF09
:105FD00040F60003C5F200039A421DD040F600438C
:105FE000C5F2000316E000BF43F20043C4F2010310
:105FF0009A4211D044F20003C4F201030AE000BF48
:1060000044F20003C5F201039A4205D043F2004373
:10601000C5F201039A4204D189682CF08003194328
:1060200091600121002280F83D1080F83C20BDE8FD
:106030001040104670470000002804BF0120704740
:1060400010B5044690F83D0028B9002084F83C00C3
:10605000204600F023F8022084F83D002068211D2E
:1060600001F0BEFD012084F8480084F83E0084F869
:106070003F0084F8400084F8410084F8420084F82E
:10608000430084F8440084F8450084F8460084F80E
:10609000470084F83D00002010BD00002DE9F041CC
:1060A00082B0016841F20002C4F20002914245D080
:1060B00040F20042C4F2000291424CD1804640F6C8
:1060C0009C40C4F20240016840F29C4441F002014D
:1060D00001600068D02600F00200019001984D2078
:1060E000C2F20004C4F202060021C4E9006004F117
:1060F00008004FF4806208230EC004F1140001254B
:106100004FF48037A2C02046C4E90815C4E90A51FB
:10611000C4E90C11FCF738F8002818BFFAF71EFD87
:1061200020461021C8F82440C4F85C80FBF73AFFF1
:1061300088B102B0BDE8F041FAF710BD40F69C40CE
:10614000C4F20240016841F010010160006800F0F3
:1061500010000090009802B0BDE8F08190F83D106A
:1061600001291BD1022180F83D100168B1F1A04F37
:1061700016DA41F2FF70C4F20000814224DC40F2E2
:10618000FF70C4F20000814240DCB1F1804F6DD05D
:1061900040F20040C4F2000066E000BF01207047FA
:1061A00041F2FF70C5F2000081421FDC40F2FF7037
:1061B000C5F20000814235DCB1F1A04F56D040F26B
:1061C0000040C5F200004FE043F2FF30C4F201008E
:1061D000814233DC41F60000C4F20000814245D028
:1061E00042F60040C4F201003EE000BF43F2FF303F
:1061F000C5F2010081422DDC41F60000C5F200002D
:10620000814233D042F600402CE000BF40F600004F
:10621000C4F20000814229D040F60040C4F20000E0
:1062200022E000BF40F60000C5F2000081421DD010
:1062300040F60040C5F2000016E000BF43F2004007
:10624000C4F20100814211D044F20000C4F2010006
:106250000AE000BF44F20000C5F20100814205D00F
:1062600043F20040C5F2010081420DD18868072247
:10627000C0F201020240062A4FF0000018BFB2F53A
:10628000803F01D1704700BF086840F001000860FE
:106290000020704790F83C20012A4FF0020200F0E5
:1062A000A18080B580F83D20D0F800C08822DCF8BD
:1062B0000830CFF6CE721A40CCF808200B68B3F540
:1062C000005F0FDB3F22C0F21002934218DCB3F1F3
:1062D000101F5FDB71D02021C0F210018B426CD007
:1062E000302165E03F2B1FDD5F2B2BDD602B00F0A5
:1062F0008F80702B78D0B3F5805F6AD0E0E000BF6C
:106300005F21C0F210018B424CDD6021C0F2100110
:106310008B4252D07021C0F210018B4218BFB3F5EE
:10632000001F4AD0CCE000BF1F2B05DC002B44D05F
:10633000102B42D0C4E000BF202B3ED0302B3CD0ED
:10634000BEE000BF402B00F08580502B40F0B880AD
:10635000D1F804E0C968DCF82030DCF8202022F015
:106360000102CCF82020DCF8182022F0F00242EAEA
:10637000011123F00A0242EA0E02CCF81810CCF800
:106380002020DCF808104FF68872CFF6CF7211404B
:1063900057311CE0B3F5005F00F07E80B3F5801F3D
:1063A0000BD08DE04021C0F210018B4205D050216E
:1063B000C0F210018B4240F08380DCF808104FF6E9
:1063C0008872CFF6CF721140194341F00701CCF823
:1063D00008100022012180F83D10002180F83C10B7
:1063E000BDE8804010467047D1E901E3C968DCF898
:1063F000082043EA0E0343EA012122F47F421143BD
:10640000CCF80810DCF8081041F07701DFE700BF96
:10641000D1F804E0C968DCF82030DCF8202022F054
:106420001002CCF82020DCF8182022F4704242EA56
:10643000013123F0A00242EA0E12CCF81810CCF879
:106440002020DCF808104FF68872CFF6CF7211408A
:106450006731BCE7D1F804E0C968DCF82030DCF82B
:10646000202022F00102CCF82020DCF8182022F0B5
:10647000F00242EA011123F00A0242EA0E02CCF8CD
:106480001810CCF82020DCF808104FF68872CFF6F0
:10649000CF72114047319AE7D1E901E3C968DCF8CE
:1064A000082043EA0E0343EA012122F47F4211430C
:1064B000CCF80810DCF8081041F4804187E700BFF1
:1064C000012287E77047000080B586B0006840F27F
:1064D0000042C4F20002002190420591CDE903116F
:1064E0000291019102D006B080BD00BF40F68C4001
:1064F000C4F20240026842F004020260006800F048
:10650000040000900098402001900220CDE9020193
:106510000321CDE9041040F60000C4F2022001A9D5
:10652000FCF7AEF906B080BD90F83C30012B04BFFB
:10653000022070474FEAB2020123052A80F83C305E
:1065400000F271812DE9F041DFE802F0047040644F
:10655000188400BF0268054610460C4601F0C4FCD2
:106560002A68284652F8181F41F008011160116886
:1065700021F00401116021694FE100BF036842F678
:10658000FF37D3F820C01A6AC5F2010722F480321F
:106590001A621A465D6852F8504FD1F800E08E68D2
:1065A000BB4200F37F8042F60047C4F20107BB42C2
:1065B00000F08A8043F20047C4F20107BB4200F0BA
:1065C000838044F20007C4F201077BE0036842F6CF
:1065D000FF381D6A1A6A25F4007522F480721A6267
:1065E0001A465C6852F81CCF8E68D1F800E045EA84
:1065F0000625C5F20108434500F3868042F60047B0
:10660000C4F20107BB4200F08B8043F20047C4F2A2
:10661000010783E00268054610460C4601F04AFD7A
:106620002A68284652F81C1F0AE000BF0268054687
:1066300010460C4601F0CCFC2A68284652F8181F78
:1066400041F400611160116821F4806111602169D9
:10665000E2E000BF036842F6FF37D3F820C01A6AB1
:10666000C5F2010722F480121A621A465C6852F8D9
:10667000505FD1F800E08E68BB4200F39D8042F687
:106680000047C4F20107BB4200F0A88043F2004774
:10669000C4F20107BB4200F0A18044F20007C4F23B
:1066A000010799E042F60047C5F20107BB420BD053
:1066B00044F20007C5F20107BB4205D043F2004790
:1066C000C5F20107BB4204D14F6925F4803545EA84
:1066D00007252CF4003747EA06474FF68C76CFF6AD
:1066E000FE760336264046EA0E065D601E654E685D
:1066F00009699E641F621F6D47F008071F651F6DC3
:1067000027F004071F6588E043F20047C5F2010740
:10671000BB4205D042F60047C5F20107BB4208D193
:10672000CF6840F2FF463F0225F4406527EA06069F
:106730003543434510DC42F60046C4F20106B3423D
:106740001CD043F20046C4F20106B34216D044F214
:106750000006C4F201060FE042F60046C5F201064B
:10676000B3420BD044F20006C5F20106B34205D095
:1067700043F20046C5F20106B34206D1D1E90567EE
:1067800024F440543E4344EA06144FF68C76CFF688
:10679000FE760CEA060747EA0E075C60DF614F6889
:1067A0000969DF631D62DF6947F00807DF61DF69A0
:1067B00027F00407DF6130E042F60047C5F2010729
:1067C000BB420BD044F20007C5F20107BB4205D023
:1067D00043F20047C5F20107BB4204D14F6924F4DC
:1067E000802444EA87242CF4001747EA065748F629
:1067F000FF76CFF6FF662E4046EA0E265C601E65E9
:106800004E680969DE641F621F6D47F400671F65EB
:106810001F6D27F480671F65090213681943002361
:106820001160BDE8F041002180F83C101846704727
:10683000002804BF0120704710B5044690F83D00C1
:1068400028B9002084F83C00204600F023F80220FC
:1068500084F83D002068211D01F0C2F9012084F870
:10686000480084F83E0084F83F0084F8400084F833
:10687000410084F8420084F8430084F8440084F81E
:10688000450084F8460084F8470084F83D00002065
:1068900010BD000070470000016840F20042C4F2E1
:1068A0000002914218BF7047B0B500210446002590
:1068B00000F076FA20684FF48001456340F600004E
:1068C000C4F2022081610168012262F30D3101608E
:1068D00040F25000C2F20000C570BDE8B040704701
:1068E0007047000070B5D9B10E1F4FEAB6054324BA
:1068F0004FF03F0C042D38BF0CEBB604065D022EA2
:1069000004BF022070BD032D3AD8DFE805F0031D57
:10691000111700BF00F13F042678012E19D034E092
:10692000044614F83E6F022E04BF022070BD0DE035
:1069300000F141042678012E0BD026E000F142043C
:106940002678012E05D020E000F140042678012EA3
:106950001BD1002A4FF0010C18BF002B02D160465A
:1069600070BD00BFA1B10E1F4FEAB605032D1FD8A1
:10697000DFE805F0021A1216022680F83F601AE0DE
:1069800000F143042678012EE3D0012070BD00BF42
:10699000022680F83E600EE0022680F841600AE0A0
:1069A000022680F8426006E0022680F8406002E09D
:1069B000022680F843604FEAB105032DCFD8DFE807
:1069C00005F0036F274B00BF466A47F61965C0F60E
:1069D00000053566466A47F65165C0F600057566DE
:1069E000466A47F68965C0F60005B566D0F824C04A
:1069F00005689CF8506005F1340E360600F1A88059
:106A000004460D46604611467246FBF789FEB1E02A
:106A1000C66A47F61965C0F600053566C66A47F6C8
:106A20005165C0F600057566C66A47F68965C0F609
:106A30000005B566D0F82CC005689CF8506005F1DB
:106A40003C0E360650D404460D466046114672464A
:106A5000FBF766FE5AE000BF066B47F61965C0F605
:106A600000053566066B47F65165C0F6000575668C
:106A7000066B47F68965C0F60005B566D0F830C0EC
:106A800005689CF8506005F1400E360646D4044671
:106A90000D46604611467246FBF742FE50E000BFCD
:106AA000866A47F61965C0F600053566866A47F6B8
:106AB0005165C0F600057566866A47F68965C0F6B9
:106AC0000005B566D0F828C005689CF8506005F14F
:106AD000380E360656D404460D46604611467246B8
:106AE000FBF71EFE60E000BFDCF87440002C3FF4B2
:106AF0004CAF2668002E3FF448AF044660460D4672
:106B0000C6E90232C6F810E0FBF7CCF900287FF4A2
:106B10003CAF29464FF400624CE000BFDCF8744003
:106B2000002C3FF432AF2668002E3FF42EAF04460F
:106B300060460D46C6E90232C6F810E0FBF7B2F92E
:106B400000287FF422AF29464FF4805232E000BF84
:106B5000DCF87440002C3FF418AF2668002E3FF498
:106B600014AF044660460D46C6E90232C6F810E08E
:106B7000FBF798F900287FF408AF29464FF400721C
:106B800018E000BFDCF87440002C3FF4FEAE26682D
:106B9000002E3FF4FAAE044660460D46C6E90232C6
:106BA000C6F810E0FBF77EF900287FF4EEAE294628
:106BB0004FF48062206801F01F01C368B0F1A04F5C
:106BC00042EA0302C2604FF00102036A02FA01F1D5
:106BD00023EA01020262026A41EA0201016215DA55
:106BE00041F2FF71C4F20001884229DC40F2FF71DA
:106BF000C4F20001884245DCB0F1804F00F0BA8059
:106C000040F20041C4F20001B2E000BF41F2FF7166
:106C1000C5F20001884225DC40F2FF71C5F2000197
:106C2000884240F3818040F60001C5F200018842AD
:106C300000F0A08040F60041C5F2000198E000BFDE
:106C400043F2FF31C4F20101884227DC41F6000122
:106C5000C4F20001884200F08D8042F60041C4F287
:106C6000010131E043F2FF31C5F20101884221DC2C
:106C700041F60001C5F2000188427BD042F6004196
:106C800020E000BF40F60001C4F20001884271D04C
:106C900040F60041C4F200016AE000BF43F2004147
:106CA000C4F20101884211D044F20001C4F2010192
:106CB0000AE000BF44F20001C5F20101884205D09C
:106CC00043F20041C5F20101884260D1416C40F2BB
:106CD000FF72C5F2000241F400419042416417DDA9
:106CE00042F6FF31C5F20101884225DC40F6000181
:106CF000C5F2000188423DD040F60041C5F20001D6
:106D0000884237D041F60001C5F2000130E000BFF3
:106D100043F6FF71C4F2010188421FDD44F2000115
:106D2000C4F20101884225D0B0F1A04F22D040F238
:106D30000041C5F200011BE042F60041C5F201012D
:106D4000884217D044F20001C5F20101884211D0F7
:106D500043F20041C5F201010AE000BF42F60041E2
:106D6000C4F20101884205D043F20041C4F201019E
:106D700088420CD181680722C0F201021140062925
:106D80004FF0000C18BFB1F5803F3FF4E8AD01684B
:106D90004FF0000C41F001010160604670BD000041
:106DA0002DE9F0414FEAB107032F4FF0010500F242
:106DB000798004460E464CF680502168C0F60000EB
:106DC00050F82700CA6841F21118104004EB8702FE
:106DD000C860506AC0F21108FBF7D0F8206806F0CE
:106DE0001F01026A05FA01F122EA0101016242F67D
:106DF000FF32016AC5F201029042016212DC42F6E2
:106E00000041C4F2010188421ED043F20041C4F2A5
:106E10000101884218D044F20001C4F20101884205
:106E200012D01EE042F60041C5F2010188420BD0AB
:106E300044F20001C5F20101884205D043F200414D
:106E4000C5F2010188420CD1016A11EA080F08D18C
:106E5000016A44F24442114203D1416C21F40041E1
:106E60004164016A11EA080F08D1016A44F2444200
:106E7000114203D1016821F001010160DFE807F050
:106E8000020E060A012084F83E000AE0012084F880
:106E9000400006E0012084F8410002E0012084F86F
:106EA0003F0000252846BDE8F081000010B5D8B1AC
:106EB0000446D0F8880028B9002084F884002046D1
:106EC00000F026F82420C4F888002068A16A02682F
:106ED000002922F0010202601CBF204601F05CF98B
:106EE000204601F083FA08B1012010BD21684868EE
:106EF00020F490404860886820F02A008860086884
:106F000040F0010220460A60BDE8104001F0B8B927
:106F100070470000FEE700002DE9F04F83B040F21B
:106F2000000BC4F2022B40F240080BF50065C2F2E0
:106F3000000800274FF040094FF0A50A28464FF4FB
:106F40000071002288F80070ADF809908DF80BA050
:106F5000FBF75AFD40F69800C2F200000DF109015E
:106F600003220A230A24FEF783FB064628464FF431
:106F700000710122FBF748FD002E44D14120ADF8FD
:106F8000090028464FF4007100228DF80B70FBF7C2
:106F90003BFD40F698000DF10901C2F200000DF131
:106FA000060203230094FEF7D9FC064628464FF458
:106FB00000710122FBF728FD2EBB9DF80800A528D3
:106FC00021D14020ADF809005A208DF80B00284649
:106FD0004FF4007100220027FBF716FD40F69800E1
:106FE000C2F200000DF1090103220A230A24FEF770
:106FF0003FFB064628464FF400710122FBF704FDD3
:10700000002E00F07381584610210022ADF809903F
:107010008DF80BA00026FBF7F7FC40F69800C2F2B3
:1070200000000DF1090103220A230A24FEF720FBC8
:107030000546584610210122FBF7E6FC002D40D101
:107040004120ADF809005846102100228DF80B6050
:10705000FBF7DAFC40F698000DF10901C2F20000DE
:107060000DF1060203230094FEF778FC054658460E
:1070700010210122FBF7C8FC1DBB9DF80800A528C4
:107080001FD14020ADF809005A208DF80B0058465A
:10709000102100220026FBF7B7FC40F69800C2F250
:1070A00000000DF1090103220A230A24FEF7E0FA89
:1070B0000546584610210122FBF7A6FC002D00F0E2
:1070C00041814020ADF80900A5200BF580648DF8C2
:1070D0000B002046402100220027FBF795FC40F6DC
:1070E0009800C2F200000DF1090103220A230A26CA
:1070F000FEF7BEFA0546204640210122FBF784FC3C
:10710000002D40D14120ADF8090020464021002249
:107110008DF80B70FBF778FC40F698000DF1090133
:10712000C2F200000DF1060203230096FEF716FCE2
:107130000546204640210122FBF766FC1DBB9DF859
:107140000800A5281FD14020ADF809005A208DF86D
:107150000B002046402100220027FBF755FC40F69B
:107160009800C2F200000DF1090103220A230A2649
:10717000FEF77EFA0546204640210122FBF744FC3B
:10718000002D00F0098198F80000012840F0AA8045
:10719000D8F80840B8F80C0085B24021ADF80910C5
:1071A000F0262046294600228DF80B60FBF72CFCC8
:1071B00040F69800C2F200000DF1090103220A23F3
:1071C000FEF756FA204629460122FBF71DFC98F8E7
:1071D0000000012840F08680D8F80840B8F80C502C
:1071E0004FF44460ADF809002046294600228DF88E
:1071F0000B60FBF709FC40F69800C2F200000DF1AD
:10720000090103220A23FEF733FA20462946012208
:10721000FBF7FAFB98F80000012863D1D8F8084082
:10722000B8F80C504FF4A070ADF80900FF262046C6
:10723000294600228DF80B60FBF7E6FB40F698002C
:10724000C2F200000DF1090103220A23FEF710FA31
:10725000204629460122FBF7D7FB98F800000128B9
:1072600040D1D8F80840B8F80C504FF45460ADF84D
:1072700009002046294600228DF80B60FBF7C4FB6D
:1072800040F69800C2F200000DF1090103220A2322
:10729000FEF7EEF9204629460122FBF7B5FB98F8E8
:1072A000000001281ED1D8F80840B8F80C504FF45F
:1072B0009250ADF809000F208DF80B0020462946AA
:1072C0000022FBF7A1FB40F69800C2F200000DF18E
:1072D000090103220A23FEF7CBF9204629460122A1
:1072E000FBF792FB03B0BDE8F08F00BF4120ADF883
:1072F000090028464FF4007100228DF80B70FBF74F
:1073000083FB40F698000DF10901C2F200000DF177
:10731000060203230094FEF721FB064628464FF49D
:1073200000710122FBF770FB002E7FF46CAE9DF81C
:1073300008005A287FF467AE4CF6E040C0F6000023
:1073400053E000BF4120ADF809005846102100224B
:107350008DF80B60FBF758FB40F698000DF1090122
:10736000C2F200000DF1060203230094FEF7F6FAC4
:107370000546584610210122FBF746FB002D7FF4FD
:10738000A0AE9DF808005A287FF49BAE4CF6E04072
:10739000C0F60000083028E04120ADF80900204682
:1073A000402100228DF80B70FBF72EFB40F6980071
:1073B0000DF10901C2F200000DF10602032300964F
:1073C000FEF7CCFA0546204640210122FBF71CFBC4
:1073D000002D7FF4D8AE9DF808005A287FF4D3AE74
:1073E0004CF6E040C0F600001030D0E9004001212A
:1073F00088F80010C8E90240CEE6000040F24000E4
:10740000C2F200000078704740F24001C2F2000171
:107410000A78012A1EBFFF20C0B2704770B584B041
:107420008C688D8941218DF80E0000208DF80D109B
:107430008DF80F00204629460022FBF7E5FA40F6BA
:1074400098000A260DF10D01C2F200000DF10A02AA
:1074500003230096FEF782FA0646204629460122BB
:10746000FBF7D2FA9DF80C00002E18BF4FF0FF304A
:1074700004B0BDE87040C0B27047000040F2400266
:10748000C2F200021378012B18BF7047B0B582B06A
:107490009468958940228DF805208DF806008DF8B6
:1074A0000710204629460022FBF7AEFA40F6980066
:1074B000C2F200000DF1050103220A23FEF7D8F8FD
:1074C000204629460122FBF79FFA02B0BDE8B040F2
:1074D0007047000040F22002C2F200021268D1E9B7
:1074E000003CC0E900234B890C22C0E904320A8920
:1074F0008989C0F808C081614FF40041C161002151
:10750000C2604162FFF7D2BCFEE70000FEE7000068
:107510007047000070B540F62C46C4F2024656F89B
:107520002C1C044621F0806046F82C0CFBF772FA04
:10753000054600BF56F82C0C000105D5FBF76AFA8A
:10754000401B0228F6D958E0306843F6037188439F
:1075500094E80E00084340EA0220E16830604FF4EE
:107560007E4202EB41212269581E4FF4FE0389B28C
:1075700003EB02426FF35F20084402F4FE016269EC
:107580004FF0FE4303EB0262084402F0FE41084460
:1075900030613068A16920F00C0008433060306829
:1075A000E16920F0200008433060606A31680843D8
:1075B000306030684FF6F87120F01000306070696C
:1075C000226A884340EAC2007061306840F01000CF
:1075D000306056F82C0C40F0806046F82C0CFBF71D
:1075E00019FA044656F82C0C000144BF002070BD67
:1075F000FBF710FA001B0328F4D3032070BD000032
:1076000070B540F63046C4F2024656F8301C0446C7
:1076100021F0805046F8300CFBF7FCF9054600BF1E
:1076200056F8300C800005D5FBF7F4F9401B022812
:10763000F6D958E0306843F60371884394E80E00A9
:10764000084340EA0220E16830604FF47E4202EBDA
:1076500041212269581E4FF4FE0389B203EB024216
:107660006FF35F20084402F4FE0162694FF0FE43AD
:1076700003EB0262084402F0FE4108447061306886
:10768000A16920F00C00084330603068E16920F007
:10769000200008433060606A316808433060306819
:1076A0004FF6F87120F010003060B069226A88430C
:1076B00040EAC200B061306840F01000306056F817
:1076C000300C40F0805046F8300CFBF7A3F904462C
:1076D00056F8300C800044BF002070BDFBF79AF9CB
:1076E000001B0328F4D3032070BD00002DE9F047F0
:1076F00040F25009C2F2000999F8030010B1BDE848
:10770000F08700BF40F62818C2F20008D8F80C0035
:1077100040F22812411C40F6042AC2F2000289B24B
:1077200045F62943C2F2000A4FF0000C033AC0F2BA
:107730008F23CAF800C000BF92F923703026B7F13A
:10774000FF3FC8BF182606FB01F60AEB0C04A6FB98
:1077500003657E064FF0300658BF1826A58006FB4D
:1077600001F60CF1300CA6FB0365BE064FF03006A7
:1077700058BF1826E58006FB01F6A6FB0365FE064A
:107780004FF0300658BF1826258106FB01F6A6FBF0
:1077900003653E074FF0300658BF1826658106FB8B
:1077A00001F6A6FB03657E074FF0300658BF18268A
:1077B000A58106FB01F6A6FB0365BE074FF0300668
:1077C00058BF1826FF0706FB01F6E581A6FB0365F7
:1077D0004FF03007258208BF182707FB01F792F802
:1077E0002460A7FB037577B26582B7F1FF3F4FF0C6
:1077F0003007C8BF182707FB01F592F82570A5FBD5
:10780000035075064FF0300558BF1825A08205FBC0
:1078100001F5B006A5FB03054FF0300058BF182056
:10782000E58200FB01F00332A0FB0305F0064FF0F8
:10783000300058BF1820258300FB01F0A0FB030592
:1078400030074FF0300058BF1820658300FB01F06F
:10785000A0FB030570074FF0300058BF1820A58328
:1078600000FB01F0A0FB0305B0074FF0300058BF4C
:107870001820E58300FB01F0A0FB0305F0074FF0A3
:107880003000258408BF182000FB01F07EB2A0FB69
:1078900003053020B6F1FF3FC8BF182000FB01F000
:1078A0006584A0FB030678064FF0300058BF18200F
:1078B000A68400FB01F0A0FB0306B8064FF03000E1
:1078C00058BF1820E68400FB01F0A0FB0306F80671
:1078D0004FF0300058BF1820268500FB01F0A0FBB8
:1078E000030638074FF0300058BF1820668500FBAC
:1078F00001F0A0FB030678074FF0300058BF1820B6
:10790000A68500FB01F0A0FB0306B8074FF030008E
:1079100058BF1820E68500FB01F0A0FB0306F8071E
:107920004FF0300008BF1820BCF5407F00FB01F08D
:107930002686A0FB030767867FF4FEAE0AF541703A
:10794000A021F8F703FE012089F8030040F60000AB
:10795000C4F202200168022262F30D310160D8F8FE
:107960000000002444624046002152464FF46973EF
:10797000FEF7B8FF002808BFBDE8F08789F803408C
:1079800072B600BFFEE70000016840F26F32D1F826
:1079900014C08B6943F008038B618B6943F01003BB
:1079A0008B610B6823F001030B600B6923EA020271
:1079B0000A618A6822F440428A6090F88920042A89
:1079C00018BF1CF0200209D0D0F88C2042F08002B1
:1079D000C0F88C208A6942F020028A6190F88920E0
:1079E000032A18BF1CF040020CD15FEA8C5216D457
:1079F0005FEACC5220D40021A0F86A10A0F87210DF
:107A0000704700BFD0F88C2042F00402C0F88C20F0
:107A10008A6942F040028A615FEA8C52E8D5D0F868
:107A20008C2042F00102C0F88C208A6942F4007276
:107A30008A615FEACC52DED5D0F88C2042F0080291
:107A4000C0F88C208A6942F480728A610021A0F813
:107A50006A10A0F87210704770470000FAF7E0BF94
:107A600010B59CB040F6140408A85021C4F202449A
:107A7000F8F76CFD0020CDE90600CDE90400CDE962
:107A8000020054F8040C20F0300044F8040C54F8C0
:107A9000040C00F03000019001982068000709D420
:107AA000206800075CBF20685FEA007002D420688D
:107AB0000007F2D540220D924FF4805232201192ED
:107AC0004FF48072089001200F9220220B901092A8
:107AD0000222149081200821CDE91502002408A873
:107AE0000C91CDE91222CDE917221991CDE91A4462
:107AF000FDF760F910B172B6FEE700BF1F20CDE9B7
:107B0000020402A80121CDE90444CDE90644FCF7B2
:107B100007FF18B172B600BFFEE700BF42F20000D7
:107B2000C4F20200016821F0300101601CB010BDF8
:107B30004EF6885CCEF2000CDCF80010012241F415
:107B40007001CCF8001040F60041C4F202410A6016
:107B50000022CA610A620B684EF6E320CEF6E220EC
:107B60001840086040F28020C0F201108A62CA62A8
:107B70000A6348638A63C8630A6448648A6408685D
:107B800020F4802008600A654FF0006042F21C017A
:107B9000C4F202014CF8800C51F8040C420F062A82
:107BA00005D800F06040B0F1404F18BF704708683A
:107BB000C0070BD042F63B20C0F6190041F8100C6C
:107BC00046F67F60C4F65D4041F8100C086840F04E
:107BD00002000860086840F001000860704700007B
:107BE000D0F800C0B0F1A04F14DA40F6FF33C4F271
:107BF0000003984222DCB0F1804F43D040F20043B2
:107C0000C4F2000398423DD040F60003C4F20003E2
:107C100036E000BF40F6FF33C5F2000398421FDC98
:107C2000B0F1A04F2ED040F20043C5F200039842BD
:107C300028D040F60003C5F2000321E040F60043DF
:107C4000C4F2000398421DD042F60043C4F201037F
:107C5000984217D043F20043C4F2010310E000BF82
:107C600040F60043C5F2000398420BD043F20043B4
:107C7000C5F20103984205D042F60043C5F2010364
:107C8000984204D14B682CF0700243EA020CB0F128
:107C9000A04F13DA41F2FF73C4F20003984221DCD3
:107CA00040F2FF73C4F2000398423DDCB0F1804F14
:107CB0006AD040F20043C4F2000363E041F2FF7374
:107CC000C5F2000398421FDC40F2FF73C5F20003C7
:107CD000984235DCB0F1A04F56D040F20043C5F2D7
:107CE00000034FE043F2FF33C4F20103984233DC58
:107CF00041F60003C4F20003984245D042F6004327
:107D0000C4F201033EE000BF43F2FF33C5F20103BA
:107D100098422DDC41F60003C5F20003984233D0AF
:107D200042F600432CE000BF40F60003C4F200031B
:107D3000984229D040F60043C4F2000322E000BF7D
:107D400040F60003C5F2000398421DD040F6004300
:107D5000C5F2000316E000BF43F20043C4F2010382
:107D6000984211D044F20003C4F201030AE000BFBC
:107D700044F20003C5F20103984205D043F20043E8
:107D8000C5F20103984204D1CB682CF4407243EA57
:107D9000020C80B58B680A68D1F814E0C36242F621
:107DA000FF33C5F201039842826213DC42F60042BF
:107DB000C4F2010290421FD043F20042C4F2010219
:107DC000904219D044F20002C4F20102904213D052
:107DD00014E000BF42F60042C5F2010290420BD00F
:107DE00044F20002C5F20102904205D043F2004283
:107DF000C5F20102904201D10969016302682CF0C9
:107E0000800142F0040202600122426141EA0E0157
:107E1000BFF34F8F016080BD10B5C46D616A8142B0
:107E20000AD0A16A814209D0E16A814208D0216B5F
:107E3000814207D1082004E0012002E0022000E096
:107E4000042020772046FEF727FD0020207710BD74
:107E500010B5C46D616A81420AD0A16A814209D01D
:107E6000E16A814208D0216B814207D1082004E0F9
:107E7000012002E0022000E0042020772046FEF7E7
:107E80002FFD0020207710BD10B5C46D616A8142BE
:107E90000CD0A16A81420FD0E16A814212D0216BDD
:107EA000814215D0012084F83D0016E001202077A2
:107EB00084F83E0011E000BF02202077012084F802
:107EC0003F000AE004202077012084F8400004E00D
:107ED00008202077012084F841002046FEF7F2FABE
:107EE0000020207710BD0000F0B5036A026A23F07D
:107EF000020322F0010202624268D0F818E08C68A6
:107F000042F6FF36D1F800C02343C5F2010642F61F
:107F1000004442F60045B042C5F20104C4F2010536
:107F20001EDCA8422AD043F20047C4F20107B8423F
:107F300024D044F20007C4F20107B8421ED0B04278
:107F400024DCA84230D043F20044C4F20104A04231
:107F50002AD044F20004C4F20104A04224D029E053
:107F6000A0420BD044F20007C5F20107B84205D089
:107F700043F20047C5F20107B842E0D1CF6823F0D1
:107F80000C0327F004073B43B042DADDA0420BD0DC
:107F900044F20004C5F20104A04205D043F20044BB
:107FA000C5F20104A04205D1D1E9054522F4407291
:107FB00022432A434FF68C74CFF6FE740EEA040770
:107FC00047EA0C0742608761496841630362F0BD7C
:107FD000F0B5026A036A22F0200223F01003036264
:107FE0004368D0F818C08C6842F6FF35D1F800E03D
:107FF00042EA0412C5F2010542F60044A842C4F266
:10800000010419DCA04223D043F20046C4F2010669
:10801000B0421DD0A84225DCA04235D043F2004436
:10802000C4F20104A0422FD044F20004C4F20104BF
:10803000A04229D02FE000BF43F20046C5F201065E
:10804000B04205D042F60046C5F20106B042E1D189
:10805000CE686FF0400707EA061622F0C0023243EE
:10806000A842D9DD42F60044C5F20104A0420BD07B
:1080700044F20004C5F20104A04205D043F20044DA
:10808000C5F20104A04206D1D1E9054523F44063BD
:108090002C4343EA840348F6FF44CFF6FF640CEA1E
:1080A000040747EA0E2743608761496881630262DB
:1080B000F0BD0000F0B5036A026A23F4005322F415
:1080C000805202624268D0F81CE08C6842F6FF35AC
:1080D000D1F800C043EA0433C5F2010542F600447A
:1080E000A842C4F2010419DCA04223D043F20046A6
:1080F000C4F20106B0421DD0A84225DCA04235D012
:1081000043F20044C4F20104A0422FD044F2000420
:10811000C4F20104A04229D02FE000BF43F2004680
:10812000C5F20106B04205D042F60046C5F201068E
:10813000B042E1D1CE6844F6FF77360323F44043E2
:10814000BE433343A842D9DD42F60044C5F20104E0
:10815000A0420BD044F20004C5F20104A04205D0B5
:1081600043F20044C5F20104A04206D1D1E905451D
:1081700022F440422C4342EA841248F6FF44CFF6F0
:10818000FF640EEA040747EA0C274260C7614968AA
:1081900001640362F0BD0000816A0A070CD4CA07BB
:1081A00015D18A071ED44A0727D4CA0630D48A06B6
:1081B00039D44A0642D457E00268D0F838C0536830
:1081C00023F4004343EA0C035360CA07E9D0026872
:1081D000D0F82CC0536823F4003343EA0C035360F7
:1081E0008A07E0D50268D0F830C0536823F48033A2
:1081F00043EA0C0353604A07D7D50268D0F834C06D
:10820000536823F4802343EA0C035360CA06CED597
:108210000268D0F83CC0936823F4805343EA0C030F
:1082200093608A06C5D50268D0F840C0936823F4ED
:10823000005343EA0C0393604A0615D5D0F800C0FA
:10824000436CDCF80420B3F5801F22F4801242EA6C
:108250000302CCF8042007D1DCF80420836C22F45C
:10826000C0021A43CCF80420090658BF70470168C1
:10827000C06C4A6822F40022104348607047000036
:10828000B0B582B004460020C4F89000FAF7C2FBF3
:10829000216805460A68120737D56FF07E4C2046E4
:1082A0004FF4001100222B46CDF800C000F0BCF9BD
:1082B00050B300BF206850E8000F216820F0800014
:1082C00041E80002DAB1206850E8000F216820F090
:1082D000800041E8000292B1206850E8000F216858
:1082E00020F0800041E800024AB1206850E8000F09
:1082F000216820F0800041E80002002ADAD1032042
:10830000202188226BE000BF2168086840075DD506
:108310006FF07E4C20464FF4800100222B46CDF8B2
:1083200000C000F081F9002850D000BF206850E85C
:10833000000F216820F4907041E80002BAB3206871
:1083400050E8000F216820F4907041E8000272B3F9
:10835000206850E8000F216820F4907041E8000286
:108360002AB3206850E8000F216820F4907041E89B
:108370000002002ADAD11AE0206850E8020F2168D2
:1083800020F0010041E80202DAB1206850E8020F53
:10839000216820F0010041E8020292B1206850E813
:1083A000020F216820F0010041E802024AB1206872
:1083B00050E8020F216820F0010041E80202002A83
:1083C000DAD1032020218C2209E000BF2020C4F84C
:1083D0008800C4F88C00002170220020E166A150C2
:1083E000002184F8841002B0B0BD000070B50446CE
:1083F0002269D4E90213006811436269E6690568DD
:10840000114346F6F312CCF6FF722A401143314372
:10841000016041684FF2FF4521F44051194341602A
:1084200042F20041A26940F08053C5F200418B4204
:108430001CBF236A1A438368C1F2FF152B401A43FD
:108440008260C26A636A22F00F021A4346F2FF3367
:10845000C4F200039842C2621ADC44F6FF31C4F24F
:108460000001884230DC44F20041C4F2000188423D
:1084700050D044F60001C4F20001884240F0CC80A4
:1084800004200021FAF7D0FFB6F5004F67D048E08E
:1084900042F2FF32C4F2004290422BDC46F200412D
:1084A000C4F20001884253D043F60001C4F2010136
:1084B000884240F0B18001200021FAF7B5FFB6F5FF
:1084C000004F4CD02DE000BF44F60041C4F2000143
:1084D000884263D045F20001C4F20001884240F0B6
:1084E0009B8010200021FAF79FFFB6F5004F36D091
:1084F00017E000BF42F20042C4F20042904255D061
:10850000884240F0898000200021FAF78DFF002882
:1085100052D177E002200021FAF786FFB6F5004F2E
:108520001DD000286ED0616A4CF61252C0F60002CF
:1085300032F811106268B0FBF1F000EB5200B0FBB2
:10854000F2F04FF6EF72A0F1100191425CD857E0C3
:1085500020200021FAF768FFB6F5004FE1D100288E
:1085600050D0616A4CF61252C0F6000232F8111077
:108570006268B0FBF1F0510801EB4000B0FBF2F093
:108580004FF6EF72A0F1100191423DD84FF6F07115
:10859000C0F342020840104432E000BF082000212E
:1085A000FAF742FFB6F5004FBBD1D8E74FF4805041
:1085B0000021FAF739FF28B3616A4CF61252C0F66F
:1085C000000232F811106268B0FBF1F102EB4200D8
:1085D00081424FF0010018D31303994215D80802C5
:1085E0000B0E10EB520043F100010023F7F7B0FE31
:1085F0004FF60052A0F54071C0F20F02914203D233
:108600002168C860002000E001204FF00111A16640
:108610000021C4E91D1170BD00200021FAF704FFFC
:10862000B6F5004F9BD07CE72DE9F041804600680D
:108630001546C2690E461140891BB1FA81F14909FC
:10864000A94223D1069C2CB3611C29D1C1693140B8
:10865000891BB1FA81F14909A94217D1C169314099
:10866000891BB1FA81F14909A9420FD1C169314091
:10867000891BB1FA81F14909A94207D1C169314089
:10868000891BB1FA81F14909A942DFD00020BDE878
:10869000F08100BFFAF7BEF90320BDE8F08100BF0A
:1086A0001F4607E0C0693040801BB0FA80F04009E7
:1086B000A842EBD1FAF7AEF9C01BA04284BF032059
:1086C000BDE8F081D8F8000001684907EAD5402EDE
:1086D00018BF802EE6D0C169090700F1A180C169E9
:1086E0000905DFD54FF400610162D8F8000050E8B9
:1086F000000FD8F8001020F4907041E800020AB38F
:10870000D8F8000050E8000FD8F8001020F490705E
:1087100041E80002B2B1D8F8000050E8000FD8F8E4
:10872000001020F4907041E800025AB1D8F800001F
:1087300050E8000FD8F8001020F4907041E80002D3
:10874000002AD2D14FF6FE70CEF6FF70D8F8001096
:1087500051E8021FD8F80020014042E80213F3B1AB
:10876000D8F8001051E8021FD8F80020014042E874
:108770000213A3B1D8F8001051E8021FD8F8002066
:10878000014042E8021353B1D8F8001051E8021F2B
:10879000D8F80020014042E80213002BD6D1D8F8C7
:1087A0006C0001282CD1D8F8000050E8000FD8F850
:1087B000001020F0100041E800020AB3D8F80000D1
:1087C00050E8000FD8F8001020F0100041E8000237
:1087D000B2B1D8F8000050E8000FD8F8001020F02F
:1087E000100041E800025AB1D8F8000050E8000F2C
:1087F000D8F8001020F0100041E80002002AD2D181
:1088000020200021C8F88C00C8F86C10C8F874103B
:10881000C8F89000032088F88410BDE8F08100BFFC
:1088200008210162D8F8000050E8000FD8F80010C5
:1088300020F4907041E800020AB3D8F8000050E834
:10884000000FD8F8001020F4907041E80002B2B197
:10885000D8F8000050E8000FD8F8001020F490700D
:1088600041E800025AB1D8F8000050E8000FD8F8EB
:10887000001020F4907041E80002002AD2D14FF697
:10888000FE70CEF6FF70D8F8001051E8021FD8F83D
:108890000020014042E80213F3B1D8F8001051E87B
:1088A000021FD8F80020014042E80213A3B1D8F813
:1088B000001051E8021FD8F80020014042E80213DE
:1088C00053B1D8F8001051E8021FD8F80020014039
:1088D00042E80213002BD6D1D8F86C0001282CD125
:1088E000D8F8000050E8000FD8F8001020F0100071
:1088F00041E800020AB3D8F8000050E8000FD8F8A9
:10890000001020F0100041E80002B2B1D8F80000D9
:1089100050E8000FD8F8001020F0100041E80002E5
:108920005AB1D8F8000050E8000FD8F8001020F035
:10893000100041E80002002AD2D12020C8F88C00A3
:1089400000200821C8F86C00C8F87400C8F890101E
:1089500088F884000120BDE8F0810000002804BFF1
:1089600001207047016C21F000410164016C41F06D
:10897000010101640021416400207047002000F0E3
:1089800063BE00000146806D20F4004200208A652D
:1089900070470000014601200864086C002220F0A6
:1089A00001000864086C20F00040086400204A645C
:1089B000704700000146006C4BF6807220EA02020C
:1089C00000200A6470470000012909D000291CBF5B
:1089D00001207047016C21F00041016400207047C4
:1089E000016C41F00041016400207047FEE7000087
:1089F0004FF0010C01233E2A84BF1F234FF0050CCA
:108A0000134423FA0CF3C000DBB200EB810046F202
:108A100000413E2A88BF013B4FEA8322C4F2010194
:108A20004FF4004C88BF4CEA8322435812049BB297
:108A300008BF4FF000421A44425070472DE9F04100
:108A400040F27815C2F200056978FF291CD04CF677
:108A50002C5804460026C0F6000800270DE000BF91
:108A600040462BD1C1682046884769780137481CA9
:108A7000C0B2874206F1240606D2C8B28742EFD2BE
:108A8000A868D8B13044EDE705F10C003721F7F7BD
:108A90005DFD4FF0FF30C5F82F00C5F82B00C5F87D
:108AA0002700C5F82300C5F81F00C5F81B00C5F84E
:108AB0001700C5F81300BDE8F08100BF4EF6F05076
:108AC000CEF200000068C00708BFBDE8F08100BE1C
:108AD000BDE8F0810878400604D00020012108227A
:108AE000FFF786BF48780528F7D14888012161F350
:108AF000DF1046F24C01C4F20101086000200121A0
:108B00000822FFF775BF000070B540F6AC5301F0C6
:108B10000F001022C2F20003082402EAD10203EB84
:108B200040104EB224EA111110440B1D0325807B26
:108B300046F2000C05FA03F306310125C4F2010CDC
:108B400005FA01F15CF82020194448F68F7348F2C9
:108B5000800EC0F2FF7342EA0E04194302F4C062B1
:108B60002023B6F1FF3FC8BF4FF400532140B2F5B8
:108B7000806F18BF59404EF20812CEF200024FF437
:108B80008063C2F88030BFF34F8FBFF36F8F4CF814
:108B90002010BFF34F8FBFF36F8F136070BD0000C5
:108BA00080B54EF2081CCEF2000C4FF4806ECCF86B
:108BB00080E046F2040240F20410BFF34F8FC4F28B
:108BC00001020023C2F200004FF6FF71BFF36F8F66
:108BD0001360C0F806105360C0F80A109360C0F824
:108BE0000E10D360C0F812101361C0F81610536154
:108BF000C0F81A109361C0F81E10BFF34F8FBFF377
:108C00006F8FCCF800E0C021018080BD2DE9F04FCE
:108C100081B08D78C8780E468C8800F00301284614
:108C200000F084F9082819D246F20008C4F20108BD
:108C300058F8201047F27002CFF600026FB21140D0
:108C4000F27807F00F0602F00302022A314411D035
:108C5000032A75D1824648F280600EE04EF6F0504D
:108C6000CEF200000068C00700D000BE002001B0B6
:108C7000BDE8F08F824648F280006FF3DF2441EABE
:108C800000090DF103010DF1020220464FEAD51B48
:108C900002F052F840F20412C2F2000211880844B5
:108CA00083B21080B3F5006F504609D94EF6F051EB
:108CB000CEF200010968C9074FF6FF7100D000BE6F
:108CC00008EBC0028BF0010302EB83024FF6FF7545
:108CD000D2F8003421F00301AB4340F6AC55C2F2A8
:108CE000000505EB4616194406EB0B13C2F80014F9
:108CF00020219C819873B7F1FF3FC8BF4FF400510A
:108D00006FF0700281EA0901002F48BF6FF4E04262
:108D100011404EF20812CEF200024FF48063C2F806
:108D20008030BFF34F8FBFF36F8F48F82010BFF331
:108D30004F8FBFF36F8F1360012001B0BDE8F08F3C
:108D40004EF6F050CEF200000068C0078ED000BE94
:108D5000002001B0BDE8F08F80B540F6AC5001F0C6
:108D60000F0C1022C2F2000002EAD10300EB4C10FB
:108D700049B21844807B46F2000CC4F2010C5CF846
:108D80002030B1F1FF3F48F6BF7148F2800EC0F2CB
:108D9000FF7143EA0E03C4BF4BF68F71C0F2FF713F
:108DA00001EA0301C8BF4FF4805251404EF208124D
:108DB000CEF200024FF48063C2F88030BFF34F8FD1
:108DC000BFF36F8F4CF82010BFF34F8FBFF36F8F3F
:108DD000136080BDF0B581B040F6AC5601F00F00D5
:108DE0001027C2F2000607EAD10706EB401649B287
:108DF000F019847BF2510022B1F1FF3F4260038100
:108E0000428137DD46F20006C4F2010656F824100E
:108E1000858943F60F72AB4238BF1D4601F4C0602E
:108E2000C0F2FF72B0F5806F01EA020704D120465C
:108E300000212A46FFF7DCFD204601212A46FFF7E4
:108E4000D7FD4EF20811CEF200014FF480624BF2D2
:108E50008000C1F880207840BFF34F8FBFF36F8F41
:108E600046F82400BFF34F8FBFF36F8F0A600120D5
:108E700001B0F0BD214600F0BFFD012001B0F0BD02
:108E8000F0B581B040F6AC5601F00F001027C2F2E9
:108E9000000607EAD10706EB401649B2F019847BB9
:108EA0000025B1F1FF3FF55142600381458137DD77
:108EB00046F20006C4F2010656F82410858943F6EE
:108EC0000F72AB4238BF1D4601F4C060C0F2FF72A2
:108ED000B0F5806F01EA020704D1204600212A463E
:108EE000FFF786FD204601212A46FFF781FD4EF25D
:108EF0000811CEF200014FF480624BF28000C1F8FD
:108F000080207840BFF34F8FBFF36F8F46F8240067
:108F1000BFF34F8FBFF36F8F0A60012001B0F0BD28
:108F2000214600F069FD012001B0F0BD70B540F2AE
:108F30000413C2F2000303EBD01600F00F023479E1
:108F400001294FEAD01C0BD1012686EAD01E7CB144
:108F5000D87801281ED1987890421BD1002070BD8E
:108F600034B3D878884231D198789042F6D02DE049
:108F700003EB0E00007968B99878FF2818BF90427B
:108F800008D1DC789E1C012C4FF0000018BFFF2C8C
:108F900000F0A48103EB0C05287A28B3D8790128C6
:108FA00034D19879904204BF012070BD2EE000BFFB
:108FB0009878FF2818BF904208D1DD789E1CFF2DBD
:108FC0004FF0000018BF8D4200F0888103EB0C05C4
:108FD000287A002844D0D87988424FD19879904295
:108FE00004BF012070BD49E003EB0E00007A68B9B0
:108FF0009879FF2818BF904208D1DC799E1D012C7A
:109000004FF0010018BFFF2C00F06881287B48B1A9
:10901000D87A012819D1987A904204BF022070BDF5
:1090200013E000BF03EB0E00007B70B9987AFF28B5
:1090300018BF904209D1DC7A03F10A06012C4FF0E7
:10904000020018BFFF2C00F04981287C10B3D87BA8
:10905000012832D1987B904204BF032070BD2CE0E0
:109060009879FF2818BF904208D1DC799E1DFF2C0B
:109070004FF0010018BF8C4200F03081287B00289F
:1090800044D0D87A884250D1987A904204BF0220C6
:1090900070BD4AE003EB0E00007C70B9987BFF289E
:1090A00018BF904209D1DC7B03F10E06012C4FF072
:1090B000030018BFFF2C00F01181287D40B1D87C3F
:1090C000012818D1987C904204BF042070BD12E0A2
:1090D00003EB0E00007D70B9987CFF2818BF90420A
:1090E00009D1DC7C03F11206012C4FF0040018BFFB
:1090F000FF2C00F0F380287E20B3D87D012834D1E6
:10910000987D904204BF052070BD2EE0987AFF281C
:1091100018BF904209D1DC7A03F10A06FF2C4FF008
:10912000020018BF8C4200F0D980287C00285FD054
:10913000D87B88426AD1987B904204BF032070BDDF
:1091400064E000BF03EB0E00007E70B9987DFF283D
:1091500018BF904209D1DC7D03F11606012C4FF0B7
:10916000050018BFFF2C00F0B980287F40B1D87EE1
:10917000012818D1987E904204BF062070BD12E0ED
:1091800003EB0E00007F70B9987EFF2818BF904255
:1091900009D1DC7E03F11A06012C4FF0060018BF3E
:1091A000FF2C00F09B8095F8200048B1D87F012863
:1091B00040F09C80987F904204BF072070BD95E0EE
:1091C00003EB0E0090F82000002840F08F80987F7D
:1091D000FF2818BF904240F08980DD7F03F11E0612
:1091E000012D4FF0070079D0FF2D77D07EE000BF32
:1091F000987BFF2818BF904208D1DC7B03F10E0654
:10920000FF2C4FF0030018BF8C4267D0287D48B177
:10921000D87C884214D1987C904204BF042070BD51
:109220000EE000BF987CFF2818BF904208D1DC7C7C
:1092300003F11206FF2C4FF0040018BF8C424DD0F2
:10924000287E48B1D87D884214D1987D904204BFD1
:10925000052070BD0EE000BF987DFF2818BF90422A
:1092600008D1DC7D03F11606FF2C4FF0050018BF76
:109270008C4233D0287F48B1D87E884214D1987E62
:10928000904204BF062070BD0EE000BF987EFF280C
:1092900018BF904208D1DC7E03F11A06FF2C4FF074
:1092A000060018BF8C4219D095F8200040B1D87F35
:1092B00088421BD1987F904204BF072070BD15E003
:1092C000987FFF2818BF904210D1DD7F03F11E0662
:1092D000FF2D4FF0070018BF8D4207D106EB0C039E
:1092E000717001213270997070BD00BF4EF6F05060
:1092F000CEF200000068C0073FF430AE00BE002090
:1093000070BD00002DE9F04383B0054640788846E3
:109310000238052800F20B81DFE800F0042E162247
:109320000E8400BF40F27810C2F2000000210173E9
:10933000417301748173FAE040F27810C2F20000C8
:10934000017801310170F2E040F27810C2F20000C1
:10935000017B002900F0238101218173E7E000BF38
:1093600040F27810C2F20000017B002900F0178162
:1093700000218173DBE000BF40F27819C2F20009DE
:1093800099F80100FF2823D04CF62C540026C0F693
:109390000004002707E000BF411C0137C9B28F421B
:1093A00006F1240614D2C1B28F4205D2D9F80810B2
:1093B0000029F1D0314401E02146EDD10A6A002AAA
:1093C000EAD028786968904799F80100E4E700BF7F
:1093D00099F80E0000285ED0002089F80E00297848
:1093E000D9F804408DF800100521B8F1000F8DF870
:1093F00001100290019033D040F20000C2F2000050
:10940000028904F108006946002302F07BF9064650
:10941000CEB39DF800009DF80110424602F06EFDAB
:1094200039E000BF297911F00F0000F0808040F290
:109430007813C2F2000303EB40005F7800EBD11217
:1094400092F82320974251D99B68002B6FD002EBF2
:10945000C20203EB8202D369002B4ED167E000BF4A
:1094600040F20006C2F2000671688847328904F1B2
:1094700008006946002302F045F97168064601209C
:109480008847002EC5D14EF6F050CEF2000000689D
:10949000C00700D000BE99F81200C00700F07F801E
:1094A0002878D9F804408DF8000003208DF80100D9
:1094B0006868B8F1000F019078D040F20000C2F265
:1094C0000000028904F108006946002302F01AF93D
:1094D0000546002D00F07F809DF800009DF80110EA
:1094E000424602F00BFD03B0BDE8F0831FD14CF6FD
:1094F0002C52C0F60002D369CBB1CB09C41814F8C2
:10950000330F00F0FE002070207800F0FB00207088
:10951000D76928786A79AB68B84700283FD12078A6
:1095200040F001002070207840F00400207040F2EC
:109530007810C2F200004468B8F1000F14D040F275
:109540000000C2F20000028904F10800294600234D
:1095500002F0D8F80646DEB128786978424603B0B2
:10956000BDE8F04302F0CABC40F20006C2F20006B9
:10957000716800208847328904F1080029460023D9
:1095800002F0C0F87168064601208847002EE3D13A
:109590004EF6F050CEF200000068C00702D103B0D2
:1095A000BDE8F08300BE03B0BDE8F08340F20005E3
:1095B000C2F200056968002088472A8904F1080082
:1095C0006946002302F09EF8696805460120884735
:1095D000002D7FF481AF4EF6F050CEF2000000680F
:1095E000C007DCD000BE03B0BDE8F08310B500F0CA
:1095F0006BFA46F24004C4F20104002020602068A7
:1096000040F45D40206000F087FAA06940F400411A
:109610000120A16110BD00004EF28810CEF20000C2
:109620004FF480610160BFF34F8FBFF36F8F7047BE
:10963000BFF34F8F4EF20810BFF36F8FCEF20000D2
:109640004FF48061016070472DE9F04F89B046F218
:109650004005C4F201056C68A0050ED56FF40070DA
:109660006860A8684FF440716FF3DF20ADF8181000
:10967000079006A80121FFF745FE60050AD4E00423
:109680001CD420052FD4E00542D40194686800045E
:1096900053D563E06FF48060686000F03DFA4FF4EA
:1096A0008070ADF8180000208DF81C0006A801217C
:1096B000FFF728FE09B0BDE8F08F00BF2868012140
:1096C00020F004002860286820F0080028606FF46B
:1096D000805068604FF4A060ADF8180006A8FFF74E
:1096E00011FE2005CFD52868012140F00800286030
:1096F000286840F0040028606FF4006068604FF450
:109700008060ADF8180006A8FFF7FCFDE005BCD5A9
:1097100040F60020C2F20000017839B1012903D1DE
:109720002A6822F010022A60013901706FF48070FB
:10973000686001946868000410D4019840040AD558
:109740004EF6F050CEF200000068C00700D000BE18
:109750006FF48040686009B0BDE8F08F40F60F7983
:10976000A5F140044FF0140805F57070C0F2FF79C0
:10977000029012E001F180004FF4E0618DF81C00CE
:109780000020ADF818108DF81D0006A801210892E0
:10979000FFF7B8FD68680004CFD5686800F00F06D1
:1097A00054F826A05FEA0A4040F1D480CDF80C803E
:1097B0000398A0B1039801380390039878B10398F7
:1097C00001380390039850B103980138039003982F
:1097D00028B103980138039003980028EAD15FEA82
:1097E0000A502FD454F8260040F6AC5700EA09007E
:1097F00040F0800044F8260054F826B0029B0BF499
:109800008C4003EBC6010BF00F09B0F58840C2F2A3
:10981000000718BF012051F8202007EB491851F824
:109820002010D8F8040089B2C2F30947002819446F
:109830003CD000220792042206923A4606AB01F081
:1098400061FF3EE0029A002302EBC60041684068D7
:10985000C1F3094780B204A910443A4602F090F9D6
:1098600054F82600082F00EA090040F0800044F870
:1098700026000DD14FF4C060ADF81800DDE90410EA
:10988000CDE9071006A80121FFF73CFD62E000BF0B
:109890004EF6F050CEF200000068C00700D000BEC7
:1098A000002001210822FFF7A3F853E0D8F80000B8
:1098B000B8F80A2000230244084611463A4602F04E
:1098C0005FF9B8F80A00B8F80C2038449742A8F8B5
:1098D0000A0023D3B8F8081083B299421ED90BF4BA
:1098E000C063B3F5806F08D0081A80B2012190429E
:1098F00038BF02463046FFF77BF840F60F79C0F2DA
:10990000FF7909F5405000EA0B004BF28001484016
:109910004FF0140844F826001CE000BF3046012137
:10992000FFF766F8B8F80A004FF4E061ADF81810D8
:109930000890002706A801218DF81C908DF81D7055
:10994000FFF7E0FC40F60F79C8F808704FF01408F4
:10995000C0F2FF795FEA0A607FF51CAF54F8260079
:1099600000EA090040F4004044F8260054F826209C
:1099700040F6AC5002F00F01C2F2000000EB4110C3
:1099800002F4C063B3F5806F00F1100012D1C37B05
:10999000002B3FF4FFAE012323EA921205EBC6032E
:1099A00003EB82020023C373D2F8C0336FF3194371
:1099B000C2F8C033028943899A423FF4DBAE314694
:1099C00000F01AF8E6E6000040F6AC50C2F20000E3
:1099D000002240F8102F817B4260826000F00CB8BA
:1099E00046F24000C4F20100026822F4007261F302
:1099F00049220260704700002DE9F04782B0054619
:109A000000896A898A4646F20041C4F20101801A3F
:109A1000A1F5806880B2AE8958F82A70B04238BF8C
:109A2000064607F4C0690020B9F5806F08BFC7F388
:109A300080104FEACA0343EA8000435844189BB29F
:109A4000686819444FF0000340B10422019300926A
:109A50006B46324601F038FE07E000BF286802443A
:109A600008461146324602F0E1F86889B9F5806F80
:109A70003044688120686FF39F266FF3194040EAF5
:109A8000064048F2B001206004BF0120E87340F6B0
:109A90003F70C0F2FF70384048404EF20811CEF2DD
:109AA00000014FF48062C1F88020BFF34F8FBFF3F5
:109AB0006F8F48F82A00BFF34F8FBFF36F8F0A6094
:109AC00002B0BDE8F087000082B046F24000C4F268
:109AD00001000321016000210191019AC72A06D8E3
:109AE00000BF019A01320192019AC82AF8D3026894
:109AF00022F00202026000910099C72907D800BF36
:109B000000BF0099013100910099C829F8D30021C4
:109B1000416002B0704700002DE9F04182B046F28A
:109B2000000440F204154FF6FF70C4F20104002750
:109B3000C2F20005E764C5F80200C5F80600C5F8E2
:109B40000A00C5F80E00C5F81200C5F81600C5F8E1
:109B50001A00C5F81E0040264EF6F05800200021DD
:109B6000CEF200082E80FFF7E1F980200021FFF7F8
:109B7000DDF940F6AC50C2F200008681877386831F
:109B800087770DF1050101AA402001F0D5F82F8853
:109B9000384481B22880B1F5006F06D9D8F80000AA
:109BA0004FF6FF77C00700D000BE0DF107010DF1A1
:109BB0000602402001F0C0F82988084482B22880BB
:109BC000B2F5006F06D9D8F80000C00700D000BE7B
:109BD0004FF6FF7146F20440C4F2010002684FF6EE
:109BE000FF739A4327F003031A440260D4F8000479
:109BF00021F003016FF30F000844C4F8000420684B
:109C000047F27001CFF60001084042F2202180EABD
:109C10000105002001210822FEF7EAFE80202560D0
:109C2000E06402B0BDE8F081D0B040F68C4B40F665
:109C30003C0840F2000A40F20049C4F2024BC4F270
:109C40000248C4F2022AC4F20009F8F7F7FEFDF751
:109C500007FF00241A94CDE91844CDE91644DBF837
:109C60000000102140F00400CBF80000DBF80000F9
:109C7000002200F0040010901098DBF8000010267D
:109C800040F00100CBF80000DBF8000000F001001C
:109C900010901098DBF8000040F00200CBF80000B4
:109CA000DBF8000000F00200109010985046F8F722
:109CB000ABFE16AD0127504629461696CDE917741E
:109CC0001994F8F7DDFDCDE916640AF50066304613
:109CD00029461894F8F7D4FD504610210122F8F7D0
:109CE00093FE4FF40070CDE9160730462946CDE9C2
:109CF0001844F8F7C5FD30464FF400710122F8F71B
:109D000083FED8F84C04002140F00100C8F84C0450
:109D1000D8F84C04002200F00100169016981B2081
:109D2000F8F71AFF1B20F8F705FF1C20002100227E
:109D3000F8F712FF1C20F8F7FDFE40F6980509F52C
:109D40009630C2F200054FF4800185E813004FF011
:109D5000804003224FF080630726C5E90D042846A2
:109D6000C5E90324C5E90543EC61C5E90844C5E933
:109D70000A46EC63C5E91244C5E91444C5E9164432
:109D80002C66FBF739FB18B172B600BFFEE700BFC7
:109D90004FF04050E8612846EE606C63FBF72CFB07
:109DA00010B172B6FEE700BF40F2BC300AF50041C8
:109DB000C2F2000000244FF4A01280E8160008212F
:109DC00001260425C1614FF4B46100F12803CDE9F7
:109DD0001C44CDE91A44CDE91844CDE91644C0E944
:109DE00003464561048380F820404FF4806280F888
:109DF000346016C3846380F83C40F7F731F918B13A
:109E000072B600BFFEE700BF06201790072018902B
:109E10007F20CDE9190540F2BC30C2F2000016A93E
:109E200016961B94F6F712FF10B172B6FEE700BF4C
:109E30000220C0F2304016900C20179040F2BC3047
:109E4000C2F2000016A9F6F701FF18B172B600BF02
:109E5000FEE700BF2020C1F2F040169012201790BC
:109E600040F2BC30C2F2000016A9F6F7EFFE18B1BE
:109E700072B600BFFEE700BF40F20020C2F2B05051
:109E800016901820179040F2BC30C2F2000016A9BC
:109E9000F6F7DCFE10B172B6FEE700BF40F6000038
:109EA000C2F6306016904FF48070179040F2BC30CC
:109EB000C2F2000016A9F6F7C9FE18B172B600BFCB
:109EC000FEE700BF40F20040C2F6002016904FF4BB
:109ED0008370179040F2BC30C2F2000016A9F6F76A
:109EE000B5FE18B172B600BFFEE700BF41F2000038
:109EF000C3F2602016904FF48670179040F2BC3089
:109F0000C2F2000016A9F6F7A1FE18B172B600BFA2
:109F1000FEE700BF42F20000C3F2906016904FF4DB
:109F20008970179040F2BC30C2F2000016A9F6F713
:109F30008DFE08B172B6FEE740F67410002409F5F4
:109F40004061C2F2000040F2E7331794F92280E842
:109F50001600C3608461FCF76FF808B172B6FEE7C3
:109F60002020169040F67410C2F2000016A9189432
:109F7000FBF798FF10B172B6FEE700BF40F2B45095
:109F800009F5AE31C2F20000016008210171022121
:109F90000024C1714172C0F80A40C0F80D40F8F7C2
:109FA00029FE08B172B6FEE740F62815C2F2000598
:109FB0001394CDE911444B94CDE91B44CDE91944E8
:109FC000C5E90094AC60FAF7F3FD48F65931000A90
:109FD000C0F24F11A0FB01014FF0FF3000EB111058
:109FE000AC61C5E903042846FCF726F810B172B647
:109FF000FEE700BF4FF48050109040F62810C2F2E8
:10A00000000010A9FCF746F910B172B6FEE700BFD8
:10A0100040F62810C2F20000FCF70AFC10B172B63C
:10A02000FEE700BF40F628100024C2F200004AA953
:10A030004A944C94FBF736FF10B172B6FEE700BFAE
:10A040006020CDE9160440F6281016ADC2F20000DB
:10A050002946002218941A94FCF766FA10B172B6D9
:10A06000FEE700BF40F62810C2F20000FCF72CFA11
:10A0700000244E94CDE94C44CDE94A44DBF800007D
:10A080004AA940F00100CBF80000DBF8000000F026
:10A090000100169016984FF4C0504A9002204B9041
:10A0A00003204D900A204E905046F8F7E9FB05F149
:10A0B0000800C821F6F74AFA1020CDE916403020F2
:10A0C00047902846F9F706FF10B172B6FEE700BFC9
:10A0D00058F8040C40F0807048F8040CF8F7E6FEDD
:10A0E000D8F80000C0010CD4D8F80000C0015CBF53
:10A0F000D8F800005FEAC01003D4D8F80000C0010F
:10A10000EED5DBF818004FF0005140F08070CBF82E
:10A110001800DBF8180000F0807010901098DBF841
:10A12000100040F08070CBF81000DBF8100000F059
:10A1300080701090109800201090CDE911104BF60F
:10A140007F301390222014902020159010A8F8F74B
:10A15000B7FE4A2005210022F8F7FEFC002000216E
:10A1600002F074FB4A20F8F7E5FC6420F8F732FBB4
:10A17000FCF7D2FE40F2BC30C2F200007F21F6F7BD
:10A18000FDFC08B172B6FEE740F67410C2F20000A2
:10A19000FBF7E4FF10B172B6FEE700BF40F25009D2
:10A1A000C2F2000940F2BC3009F10E01C2F2000017
:10A1B0000822F7F72BF908B172B6FEE740F2281033
:10A1C000C2F2000001242030302189F804400190BF
:10A1D000F6F7BCF989F80440FDF788FA99F803000E
:10A1E00048B199F8030030B199F8030018B199F813
:10A1F00003000028F2D10220F8F7ECFAFDF776FA16
:10A2000099F8030048B199F8030030B199F80300B8
:10A2100018B199F803000028F2D100240020012190
:10A2200089F80440F6F758FB4FF4E130494641F80D
:10A23000300F0020C1E901448C81F6F7EFFA08B134
:10A2400072B6FEE70020CDE90E00CDE90C00FDF767
:10A25000D5F840F6C01A40F601080B900020C2F273
:10A26000000AC0F280080890CDE9090002904FF082
:10A27000FF30002101F0B6FF99F80000002800F03F
:10A280008081002089F80000F8F7C4FB99F80210DB
:10A290000746002968D040F228140025C2F20004C5
:10A2A0000BE000BF40F22814C2F200048BF80560F6
:10A2B00044F825700135082D4CD009EB450009EB19
:10A2C0008502C08B99F80110166C0AEB41016FF3FF
:10A2D0001F3031F8353009EB050BF31A0344C3F393
:10A2E0008F061364C6EBC61606F2FF72A2FB0823A4
:10A2F000C3F3C7027F2686EAD3067C2A88BF0026DE
:10A30000032A38BF7F269BF80520F3B29A1A13B2AE
:10A3100021F8350082EAE332A2EBE33292B2022A5C
:10A32000C8D354F82500381A1428C3D301F0C8FE46
:10A330000028B7D0B0208DF83C0145F010008DF812
:10A340003D01002000214FAA03238DF83E6101F05A
:10A35000D7FDA7E799F801000130C1B2032988BFF2
:10A36000002089F801000CE1B9F81E0040F2011547
:10A370006FF31F30C0EBC0128100C9F8401002F229
:10A38000FF71C0F21005A1FB051282F07F0140F6BB
:10A39000AE7640F22813AAF80000AAF80200AAF844
:10A3A0000400AAF80600B04288BF0021C2F20003F0
:10A3B000512838BF7F2189F805101F60B9F82000A7
:10A3C0006FF31F30C0EBC0128100C9F8441002F2D5
:10A3D000FF71A1FB051282F07F01AAF80800AAF81C
:10A3E0000A00AAF80C00AAF80E00B04288BF0021AB
:10A3F000512838BF7F2189F806105F60B9F8220024
:10A400006FF31F30C0EBC0128100C9F8481002F290
:10A41000FF71A1FB051282F07F01AAF81000AAF8D3
:10A420001200AAF81400AAF81600B04288BF002152
:10A43000512838BF7F2189F807109F60B9F82400A0
:10A440006FF31F30C0EBC0128100C9F84C1002F24C
:10A45000FF71A1FB051282F07F01AAF81800AAF88B
:10A460001A00AAF81C00AAF81E00B04288BF0021FA
:10A47000512838BF7F2189F80810DF60B9F826001D
:10A480006FF31F30C0EBC0128100C9F8501002F208
:10A49000FF71A1FB051282F07F01AAF82000AAF843
:10A4A0002200AAF82400AAF82600B04288BF0021A2
:10A4B000512838BF7F2189F809101F61B9F8280099
:10A4C0006FF31F30C0EBC0128100C9F8541002F2C4
:10A4D000FF71A1FB051282F07F01AAF82800AAF8FB
:10A4E0002A00AAF82C00AAF82E00B04288BF00214A
:10A4F000512838BF7F2189F80A105F61B9F82A0016
:10A500006FF31F30C0EBC0128100C9F8581002F27F
:10A51000FF71A1FB051282F07F01AAF83000AAF8B2
:10A520003200AAF83400AAF83600B04288BF0021F1
:10A53000512838BF7F2189F80B109F61B9F82C0092
:10A540006FF31F30C0EBC0128100C9F85C1002F23B
:10A55000FF71A1FB051282F07F01B042AAF838001A
:10A56000AAF83A00AAF83C00AAF83E0088BF0021E9
:10A57000512838BF7F21012089F80C10DF6189F84C
:10A580000200F8F747FA0B99074679B90A98381A82
:10A59000B0F57A7F4FF000000B90FFF468AEFCF747
:10A5A000BBFCFCF72BFFCDE90A7060E60998381A6E
:10A5B0000228C0F0598212200E21FCF75FFF002014
:10A5C0004F904F9877281BD800BF4F9801304F907D
:10A5D0004F98772814D800BF4F9801304F904F986C
:10A5E00077280DD800BF4F9801304F904F987728AB
:10A5F00006D800BF4F9801304F904F987828E3D38A
:10A600001320FCF701FF09901320FCF7FDFE0490D6
:10A610001320FCF7F9FE079012200D21FCF72EFF06
:10A6200000204F904F9877281BD800BF4F980130DB
:10A630004F904F98772814D800BF4F9801304F9013
:10A640004F9877280DD800BF4F9801304F904F9802
:10A65000772806D800BF4F9801304F904F98782840
:10A66000E3D31320FCF7D0FE06901320FCF7CCFEBA
:10A6700083461320FCF7C8FE054612200B21FCF789
:10A68000FDFE00204F904F9877281BD800BF4F98B1
:10A6900001304F904F98772814D800BF4F98013061
:10A6A0004F904F9877280DD800BF4F9801304F90AA
:10A6B0004F98772806D800BF4F9801304F904F9899
:10A6C0007828E3D31320FCF79FFE05901320FCF7B6
:10A6D0009BFE04461320FCF797FE06461220072136
:10A6E000FCF7CCFE00204F904F9877281BD800BF76
:10A6F0004F9801304F904F98772814D800BF4F984B
:10A7000001304F904F9877280DD800BF4F980130F7
:10A710004F904F98772806D800BF4F9801304F9040
:10A720004F987828E3D3059946EA0400084004EAE4
:10A730000601084300F00F01069B08292A4645EA56
:10A740000B0101EA030102EA0B024FF0000338BFDC
:10A7500001231143DDF81CB0049E069301F00F02A3
:10A76000099B082A4BEA060202EA03024FF00003A3
:10A7700038BF0123099306EA0B031A4302F00F03C3
:10A7800043EAC206112402F0040224EA060646EA5D
:10A790008212082B4FF0000338BF012342EA033234
:10A7A0000223042423EA410324EA00060796202614
:10A7B0001A4401F0040326EA0111DB01114424EAE2
:10A7C000800200250392402222EA40100493059063
:10A7D000132081F4807BFCF717FE04461320FCF75E
:10A7E00013FE06461320FCF70FFE40EA0601214047
:10A7F0003040099E049C084344EA463600F00F01AD
:10A80000082986F40071069E41EA0B0141EA86316F
:10A81000039C4FF0080241EA0401059C4FF000063A
:10A8200041EA0401079C38BF012622EAC00241EA3E
:10A830000421802341EAC63123EA80130426114310
:10A8400026EA0000194341EA402B12200F21FCF7B1
:10A8500015FE1FFA8BF0089C09901BE04CF6505037
:10A86000C0F60000405D40F2281100EB4000C2F24B
:10A8700000010844402100F8201F34430021A0F8C3
:10A880000110012089F8040000200CA94855013569
:10A89000102D53D0012000FA05F604EA06020998AB
:10A8A00092B23040B2FA82F201464FEA521218BF19
:10A8B00001215140E8D10CA9495D072904D801F1D3
:10A8C00001010CAA5155E2D1A0B101F0F9FB002819
:10A8D000C4D090208DF83C0105F13C008DF83D017D
:10A8E0007F208DF83E01002000214FAA032301F0B4
:10A8F00007FBB3E701F0E4FB70B180208DF83C0169
:10A9000005F13C008DF83D01002000214FAA0323F2
:10A910008DF83E0101F0F4FA4CF65050C0F60000FC
:10A92000405D40F2281100EB4000C2F200010844F3
:10A93000002100F8201FB443A0E700BF0898A1B28F
:10A9400080B2814200F08280402606EA841040F204
:10A950002811C2F2000181F8200006EA441000220A
:10A960000123A1F8212089F8043081F8230006EAA8
:10A9700004108A8489F8043081F8260006EAC400AD
:10A98000A1F8272089F8043081F8290006EA84001C
:10A990004A8589F8043081F82C0006EA4400A1F8C1
:10A9A0002D2089F8043081F82F0004F040000A8639
:10A9B00089F8043081F8320006EA5400A1F8332007
:10A9C00089F8043081F8350006EA9400CA8689F8CF
:10A9D000043081F8380006EAD400A1F8392089F85B
:10A9E000043081F83B0006EA14108A8789F80430A5
:10A9F00081F83E0006EA5410A1F83F2089F804309F
:10AA000081F8410006EA9410A1F8422089F8043048
:10AA100081F8440006EAD410A1F8452089F80430F2
:10AA200081F8470006EA1420A1F8482089F804308C
:10AA300081F84A0006EA5420A1F84B2089F8043036
:10AA400081F84D00A1F84E2089F804305FEA0B40F0
:10AA500002D0002005E000BF0298072816D802980F
:10AA6000013002900894099799F8040000283FF4F7
:10AA7000FEAB99F8030000287FF4F9AB002089F8B9
:10AA80000400FCF733FEFFF7F2BB00BF200406D042
:10AA900001983021F5F75AFD012089F804000020C3
:10AAA0000890E0E7002070470120704770B584B03F
:10AAB00040F23824C2F200042046C021F5F746FDDA
:10AAC000402604F140000025CDE9000604F12800ED
:10AAD000002100220023029500F0B6FA04F1800163
:10AAE00004F11000CDE90016002101220023029597
:10AAF00000F0AAFA04B070BD2DE9F04F81B04B7997
:10AB00008E18012B0F4615D18B790F46012B11D1D1
:10AB1000CB790F4673B90B78934201EB030709D247
:10AB20003A783A44B24205D87B78242B02D1B2421B
:10AB30001746F5D37A78042A07D17A79012A04D105
:10AB4000BA79032A01D1FA7922B1002080B201B08A
:10AB5000BDE8F08F40F23828C2F2000898F82A20A9
:10AB600098F81230002A18BF0122002B18BF0123C9
:10AB70001A40012A0CD14EF6F050CEF200000068C7
:10AB8000C007E2D000BE002080B201B0BDE8F08F67
:10AB9000BB7888F8000088F801303A793B78002AC1
:10ABA00007EB030454D0B44252D24FF000091CE02A
:10ABB000A18888F8120040206FF3DF21A8F8160062
:10ABC00008F11C0088F810A0A8F8141000F092FBFF
:10ABD00020783A79235C044409F10109594650462A
:10ABE00091451C4438BFB44232D22378E518B542AF
:10ABF0002ED86578052DF3D18B462146824601F08B
:10AC000079FF58B394F90200B0F1FF3FD0DD45461B
:10AC1000A18805F828AF6FF3DF21A87005F10C00BB
:10AC2000A980E98000F066FB284600F02BFA002896
:10AC3000CED14EF6F050CEF200000068C0073FF4CF
:10AC400084AF00BE002080B201B0BDE8F08F00BF2D
:10AC5000601A80B201B0BDE8F08F00BF4EF6F05030
:10AC6000CEF200000068C0073FF46FAF00BE0020C6
:10AC700080B201B0BDE8F08FB0B540F23824C2F226
:10AC80000004002504F13400C4E90055C4E902556C
:10AC900000F030FB04F11C0084F82A5000F02AFB7D
:10ACA000A574B0BDF0B581B040F23827C2F20007FC
:10ACB00097F82A00BC7C451A18BF0125661A18BFF0
:10ACC00001262E40012E0BD14EF6F050CEF20000A0
:10ACD0000068C00700D000BE002001B0F0BD00BF7A
:10ACE000884213D152B9396B29B19AB207F13400B5
:10ACF000002300F007FD002001F0DEF907F1280035
:10AD000000F0C0F9012001B0F0BD00BF002A4FF0F3
:10AD1000000008BF8C4201D001B0F0BD07F1100562
:10AD200028461C4600F046FA0028EBD1284621466A
:10AD300000F0A0FAE6E7000080B54FF0000C012318
:10AD40004FF0010E3E2888BF4FF0010C84BF4FF03A
:10AD50001F0E0523704420FA03FE5FFA8EF0984020
:10AD600081F800C082F800E080BD0000B0B54A88DC
:10AD70000C464FF0FF3101EB12210E291BD805467E
:10AD8000DFE801F00822141919323E1919191919AE
:10AD900019191C0001F034F800283FD0024628465B
:10ADA00021461223BDE8B04000F0ACBFA188D0B26C
:10ADB00001F030F8E0B90020B0BD00BF01F018F894
:10ADC0000028F8D0024621E0D0B201F013F8024684
:10ADD000E0B94EF6F050CEF200000068C007EAD0AD
:10ADE00000BE0020B0BD00BF01F010F80028E2D086
:10ADF0000378024628462146BDE8B04000F082BFF5
:10AE0000D0B201F005F802460028D4D05388284675
:10AE10002146BDE8B04000F075BF00BF4EF6F050CF
:10AE2000CEF200000068C007C5D0002000BEB0BD53
:10AE30002DE9F04F83B08346481EC0B200F0DAFF20
:10AE4000E0B14178022919D140F2781AC179C2F2F1
:10AE5000000A9AF80F20C1F3801102F0FE0211449B
:10AE60008AF80F1041880A2970D34CF62C5900EB50
:10AE7000010800F10905C0F6000912E04EF6F05095
:10AE8000CEF200000068C00700D000BE002003B072
:10AE9000BDE8F08F0B29054666D145454FF001000E
:10AEA000F5D228782844404550D869780429F1D152
:10AEB0009AF80100FF2825D0A8EB05018EB20024E6
:10AEC000002700BFC0B2874206D2DAF80800002887
:10AED00040D0204402E000BF48463BD103695846B9
:10AEE000294632469847092828BF86420ED29AF84A
:10AEF00001000137411CC9B28F4204F12404E1D39F
:10AF000015E000BF0027FF2011E000BFFBB20AF1EF
:10AF100023010AF113020646184610233446CDE9F0
:10AF2000005600F035F848B39AF801002544013086
:10AF3000C0B2F9B28142B0D34EF6F050CEF200006A
:10AF40000068C007A2D000BEA0E700BF012003B088
:10AF5000BDE8F08F4EF6F050CEF200000068C0075A
:10AF60003FF494AF00BE91E74EF6F050CEF20000F1
:10AF70000068C0073FF48AAF00BE87E74EF6F05086
:10AF8000CEF200000068C0073FF480AF00BE7DE74E
:10AF9000B0B5059C44B3DDF810C00CEB040E05E021
:10AFA00020709CF80040A444F4451DD29CF8004059
:10AFB0006444744518D89CF80140042C0AD0052C30
:10AFC000EFD19CF8024004F00F0501EB450505EBBD
:10AFD000D414E5E79CF80340002CE2D19CF8024031
:10AFE0009C4203D21444DBE70120B0BD4EF6F05082
:10AFF000CEF200000068C00704BF0020B0BD0020F2
:10B0000000BEB0BD0178C9070ED1017849070BD445
:10B010000178C90708D10178490705D4017841F0C2
:10B020000401017001207047002070470178490732
:10B0300008D50178C90705D1017801F0FB0101703D
:10B04000012070470020704770B58C46DDE904127E
:10B0500000298E46144618BF4FF0010E002A18BF73
:10B06000012404EA0E04012C09D180F801C000F18A
:10B070000C0C069D0646604600F040F9B56020467F
:10B0800070BD00000246808AD18A138A401A48BFE8
:10B0900000EB430080B2191A93884FF0000038BFCC
:10B0A0000146994206D39178002908BF704750782D
:10B0B00010B10020704700BF10B582B01078144660
:10B0C00001F0EAFC00284FF0000042D0A18AE28A99
:10B0D0002346891A248A48BF01EB440189B2621AC7
:10B0E000998828BF1046884206D2587880BB1878C5
:10B0F000997801F021FD2BE04942084080B2DC88BC
:10B100005978A04238BF0446D1B99A68187899781E
:10B1100052B14FF0000C2346002C08BF2246CDF858
:10B1200000C001F037FD08E003F10C024FF0000C05
:10B130002346CDF800C001F073FD0146204641B919
:10B140004EF6F050CEF200000068C00700D000BEFE
:10B15000002002B010BD0000002A04BF002070478C
:10B16000B0B592B204460C30002300F0CBFAA28AAC
:10B17000E38A218AD21A48BF02EB410293B2A28825
:10B180008B4228BF0B46934202D2914228BFB0BDEA
:10B190000546204600F00EF82846B0BD818AC28AD6
:10B1A000008A891A48BF01EB400189B2401A38BFB2
:10B1B00000207047818AC28A038A891A48BF01EB3E
:10B1C000430189B2994238BF0B461BB1817809B15E
:10B1D00042780AB100207047B0B582B005460078C9
:10B1E00001F05AFC002841D0A9682B4605F10C0457
:10B1F000B1B1DA882046002300F066FA2B46597870
:10B20000E0B159BB9A680546187899784FF0000C60
:10B21000D2B12B462C46CDF800C001F0BBFC1AE0A1
:10B22000998ADA8A188A891A48BF01EB400189B2E3
:10B23000814238BF084659780028E2D1B1B9187860
:10B24000997801F079FC11E022462B462C46CDF886
:10B2500000C001F0E5FC0146284641B94EF6F05029
:10B26000CEF200000068C00700D000BE002002B08F
:10B27000B0BD000010B582B0838AC48A02464FF088
:10B28000000031B1A34204D190880138084203D0B4
:10B29000002002B010BD00BF91780029F8D050788E
:10B2A0000028F5D11078144601F0F6FB0028EFD005
:10B2B0006078B0B9A3682078A178224633B1002421
:10B2C00000220023009401F065FC05E00C3200240C
:10B2D0000023009401F0A4FC00281EBF012002B04E
:10B2E00010BD4EF6F050CEF200000068C007CFD07F
:10B2F00000BECDE70021418101817047B2F5004FCA
:10B3000005D8016000218280837141810181002084
:10B31000B2F5004F98BF0120704700002DE9F04FB3
:10B3200083B00C9E87889D1B48BF05EB470593465D
:10B330002A0441D0AAB2974206D23A469F4298BF09
:10B340005242D6183D4646810D9A00BFB3B2BB4269
:10B350000ED3F61BB3B2BB420AD3F61BB3B2BB4249
:10B3600006D3F31B9EB2BE42A3EB0706EED21E46E7
:10B37000ABB2A7EB06085B4538BF9B46B3B20AB336
:10B380001FFA88F7D0F800A0BB450AEB030931D9B2
:10B390001478CDF800B0604200EA08001FFA80FE81
:10B3A000A64563D2CC460F4672460004A4F1010BB9
:10B3B00040F0B380BDE000BF4FF0000B584603B033
:10B3C000BDE8F08F1FFA88F50268AB451A4443D9EF
:10B3D000064608460F4611462A46ABEB0804F5F729
:10B3E0004EF83168A2B27819F5F749F8584603B01B
:10B3F000BDE8F08F12785846934503D25A460004B0
:10B4000076D1DBE7D9F80030801A0F4685B247F8CD
:10B41000043B954209EB020354D3801A87B259F8D2
:10B42000025097424D6055D3801A87B259F8125096
:10B43000974202EB42078D6054D359F80770801A87
:10B440001344CF6087B2134403EB0209974201F122
:10B450001001D7D248E000BF084611465A46F5F71A
:10B460000EF8584603B0BDE8F08F00BF0F46CC463B
:10B47000DCF80020001B3D4686B245F8042BA642AE
:10B480000CEB040222D3001B86B25CF80450A642E7
:10B490007D6023D3001B86B25CF8143004EB4405B6
:10B4A000A642BB6032D35CF80530001B2244FB602F
:10B4B00083B2224402EB040CA34207F11007D7D257
:10B4C00026E000BF994639460EE000BF94462F465D
:10B4D0001EE000BF09EB4209083105E00CEB440C0B
:10B4E000083715E00C31B94482B200043FF466AF6E
:10B4F0000020029002A80C464946F4F7C0FF0298CB
:10B500002060584603B0BDE8F08F00BF0C37AC4454
:10B5100082B20004A4F1010B0BD00020029002A81B
:10B520000D4661467646F4F7AAFF0298B6462946CC
:10B5300038600098A0EB08070BEA08005FFA80FB70
:10B54000BBF1000F0EEB010820D0A4EB0B0009EBC0
:10B550000E010DF1040986B248465A46F4F78FFFF2
:10B56000B8B2B04238BF0646F5B22DB109EB0B00B8
:10B5700051462A46F4F783FF05EB0B02A2420BD299
:10B58000DDF800B001A9464641E000BFDDF800B09B
:10B5900038044AD112E700BFDDF800B0AC4601A97B
:10B5A000464600BF0868121B334695B243F8040BA9
:10B5B000A54201EB04001BD3121B93B20D59A34209
:10B5C000756019D3121B93B251F81450A342B560A1
:10B5D00016D304EB4403121B2044C95893B22044F1
:10B5E000F1600119A34206F11006DBD20CE000BFA6
:10B5F00001461E4608E000BF01EB4401083603E0A7
:10B6000004EB44000C36014492B2654632B100208E
:10B61000029002A8F4F733FF0298306008F10408A2
:10B620007F1BAA4438043FF4C9AEBAB2A2423ED34B
:10B63000DAF800003F1B4146BAB241F8040BA242BF
:10B640000AEB040020D33F1BB9B25AF80420A142F0
:10B65000C8F804201CD33F1BB9B25AF81420A142E9
:10B66000C8F808201AD304EB44013F1B5AF8011014
:10B670002044C8F80C10B9B2204400EB040AA142DF
:10B6800008F11008D4D20EE0824688460BE000BFD5
:10B690000AEB440A08F1080805E000BF04EB440087
:10B6A00008F10C088244BAB2002A3FF487AE0020A9
:10B6B000029002A85146F4F7E2FE0298C8F8000092
:10B6C000584603B0BDE8F08F10B582B09C460389A0
:10B6D000B0F80AE00446CDE900ECFFF71FFEA188B0
:10B6E000B4F80AC00CEB00039AB2A3EB410EB2EB24
:10B6F000410F28BF7346624538BF7346638102B06D
:10B7000010BD00002DE9F04F87B0002A6ED014461E
:10B71000B0F808A04289877984468088C7B1A042E2
:10B720005CD9BAEB020748BF07EB4007BFB227441A
:10B73000B7EB400F1AD3071B07EB020A1FFA8AF771
:10B74000974224BF4200BA4298BFAAEB400A0DE0DC
:10B75000BAEB020248BF02EB400292B2821A38BF33
:10B760000022944228BF144622043FD0524600BF14
:10B7700097B287420ED3121A97B287420AD3121A8F
:10B7800097B2874206D3171ABAB28242A7EB0002D9
:10B79000EED23A46A0EB020897B21FFA88F6A2B2A0
:10B7A00053B3DCF80000B24200EB070B36D9CDF8FA
:10B7B00008A093F800A00494CAF1000008EA00046D
:10B7C000A2B2CDF80CC05245019255D258460D4652
:10B7D0002704AAF1010740F0A080A8E0271A9246AA
:10B7E0000446002B08BF39442204BFD10024A0B274
:10B7F00007B0BDE8F08F00BFDCF80000B24238446B
:10B80000654640F2A4813246A4EB08080F46F4F7DF
:10B8100036FE28681FFA88F2B91998E11B789A4217
:10B820006ED320460F4657F8042BC01A85B2CBF8CA
:10B8300000209D420BEB03024CD3C01A87B24D6827
:10B840009F424BF803504DD3C01A87B28D689F4278
:10B8500003EB43074BF813504CD3CD68C01A1A447E
:10B860004BF8075087B21A4402EB030B9F4201F1D9
:10B870001001D7D240E000BF0D4658462F4657F87A
:10B88000042BA4EB0A04A6B20260564500EB0A02A0
:10B8900024D3A4EB0A04A7B26E68574540F80A60A7
:10B8A00024D3A4EB0A04A7B2AE6857450AEB4A07B3
:10B8B00040F81A602AD3EE68A4EB0A045244C65139
:10B8C000A7B2524402EB0A00574505F11005D5D244
:10B8D0001EE000BF934639460EE000BF10463D46CD
:10B8E00016E000BF0BEB430B083105E000EB4A000C
:10B8F00008350DE00C31BB4482B2002A00F02A81E9
:10B90000086806A906905846654620E10C3538447B
:10B91000A2B22704AAF1010709D02E6806AC0D4691
:10B92000214606961C46F4F7AAFD294623460498AC
:10B93000A0EB080907EA0800019FC2B207EB010863
:10B94000B2B1AAEB020080B21FFA89F1814238BF7E
:10B9500008465FFA80FE1D7800927244AA420BEB03
:10B960000700019010D276469A4605A8474641E066
:10B97000DDF80CC0DCF80000049CDDF808A05FEAEC
:10B98000094140F09A80E5E005A84746394651F85C
:10B9900004CB521B96B2C0F800C0AE4200EB0506C5
:10B9A0001AD3521B91B27C68A942445118D3521B3E
:10B9B00091B2BC68A94205EB450140F8154013D38C
:10B9C000FC68521B2E44445091B22E447019A94277
:10B9D00007F11007DAD209E030460F4606E000BF53
:10B9E00000EB4500083701E00C37084492B2764678
:10B9F0009A4622B13968069106A9F4F740FD009CE9
:10BA00000DF1140B01985946224608F10408F4F789
:10BA100036FDDDF80CC0002E43D0042E06F00300E6
:10BA200002D2002123E000BF06F0FC0104EB0B0270
:10BA30004942531C6FF003029F18DCF80040FD7868
:10BA400014442571DCF800503C7915446C71DCF825
:10BA500000507C791544AC71DCF80050BF79154476
:10BA600004328C180434EF71E6D1009C111DC0B172
:10BA70000A191BF80220DCF8003001285A5410D0B3
:10BA80004A1C13191BF80330DCF800700228BB5461
:10BA9000009A06D0881C81181BF80110DCF80020E1
:10BAA0001154DCF80000A9EB060930445346049C0D
:10BAB000DDF808A05FEA09414CD019781FFA89F235
:10BAC0008A423FD3434653F8042BA9EB01091FFADE
:10BAD00089F702608F4200EB010223D3A9EB010931
:10BAE0001FFA89F3D8F804708B4247501ED3A9EB94
:10BAF00001091FFA89F3D8F808708B4201EB410362
:10BB000040F8117018D3D8F80C70A9EB01090A4459
:10BB1000C7501FFA89F30A4450188B4208F11008E5
:10BB2000D0D20CE01046984609E000BF00EB41007F
:10BB300008F1080803E000BF08F10C0818441FFAD8
:10BB400089F23AB1D8F800106546069106A9F4F7D3
:10BB500096FCAC460AEB0401BCF804008AB2A1EBE7
:10BB60004003B2EB400F28BF19461FFA8AF0824209
:10BB700038BF1946ACF80810A0B207B0BDE8F08F86
:10BB800010B582B0002B14BF93F800E04FF0040E04
:10BB9000724503D21346120438D13FE0034653F8EE
:10BBA00004CBA2EB0E0294B2C1F800C0744501EBC5
:10BBB0000E0C1FD3A2EB0E0293B24468734541F8FA
:10BBC0000E401DD3A2EB0E0293B2846873450EEBB8
:10BBD0004E0341F81E4023D3C468A2EB0E02F44486
:10BBE000CC5093B2F4440CEB0E01734500F11000FD
:10BBF000D4D208E06146184693B2120406D10DE093
:10BC000001EB4E01083093B2120407D0006801AA7C
:10BC10000190084611461A46F4F731FC02B010BDF7
:10BC20000C30194493B21204F0D1F7E7F0B581B0AB
:10BC3000002B074614BF18780420824204D2134612
:10BC4000100433D13AE000BF0B68121A3C4695B29B
:10BC500044F8043B854201EB00031BD3121A95B252
:10BC60000C5885427C601BD3121A95B251F81060B3
:10BC700000EB40048542BE6022D3121A03440959E6
:10BC800096B20344F9601918864207F11007DBD217
:10BC900009E000BF1946274693B2100406D10DE013
:10BCA00001EB4001083793B2100407D00020009048
:10BCB00068461A46F4F7E3FB0098386001B0F0BD1F
:10BCC0000C37214493B21004F0D1F7E780B582B06D
:10BCD000D1F800C04B6840F2B002C2F200024FF04F
:10BCE000000EC2E900C3C2E902EE0978802222EA0E
:10BCF000010100220023CDF800E000F04BFF02B06C
:10BD000080BD00002DE9F04182B00E684F6840F21E
:10BD1000B005C2F20005C5E90067CC884FF0000C01
:10BD2000A3422746AA60A5F80EC038BF1F46AF81C0
:10BD300074B12ABB23B34EF6F050CEF20000006877
:10BD4000C00700D000BE002002B0BDE8F08100BFF7
:10BD50000978802222EA010100220023CDF800C0E8
:10BD600000F018FF38BB4EF6F050CEF2000000682D
:10BD7000C007E8D000BE002002B0BDE8F08100BFDF
:10BD8000402F28BF402731064FF000044FF000013C
:10BD900007D505F1140C62454FF0800118BF002B48
:10BDA0000ED1002B18BF05F114031A463B46009430
:10BDB00000F0F0FE80B1012002B0BDE8F08100BFCC
:10BDC00052B18046604611463A461E46F4F757FB8C
:10BDD000334640468021E4E74EF6F050CEF20000B4
:10BDE0000068C007AFD000BE002002B0BDE8F081FF
:10BDF000002070474CF69050C0F6000070470000DD
:10BE00004CF6F650C0F60000704700000020704766
:10BE10000020704710B3042884BF00207047F0B59D
:10BE200081B040F22801C2F2000151F820402046C2
:10BE3000F4F706FB10F0E00F18BF1F2001064ED0EC
:10BE4000C1B240F2F81C042900F0030EC2F2000C4B
:10BE500018D20023BEF1000F2FD140E040F228009D
:10BE6000C2F20000006840F2F8110088C2F200013E
:10BE700048804FF4417140F2F810C2F20000018096
:10BE8000704700BF01F0FC014B42ACF10801651C9A
:10BE90006FF00302AE18F77804324F8137798F8143
:10BEA0007779CF81B6790E829E18043601F10801A8
:10BEB000F0D1131DBEF1000F11D0E25C591CBEF190
:10BEC000010F2CF811200AD0625C991CBEF1020F00
:10BED0002CF8112003D0615C0CEB4302D180C0B27E
:10BEE000022101EB400040F4407101B0BDE8F04098
:10BEF00040F2F810C2F20000018070477047000065
:10BF00002DE9F04F83B000EB400040F23827C2F239
:10BF1000000707EB8016B07CA0B1994606F110052A
:10BF2000002B4FF0000A00F0A1804FEA011B0BF13B
:10BF30000F009046B71C01900BF105000024029001
:10BF40001DE000BF0024204603B0BDE8F08F00BF15
:10BF5000029838700221F171C8B2C1F1040138446D
:10BF6000C9B2F4F7D1FA284639460422FFF7F4F8AB
:10BF70000428A6F806A040F09180A14578D0284674
:10BF8000FFF70CF9042874D3B17918F9040004F10F
:10BF90000104B9B1042973D27854B378B27903F0AB
:10BFA0000F03511C042BB17108BF10F1090015D00B
:10BFB000F079C9B281420146DFD1C8B20428CBD39F
:10BFC000D1E700BFB178022201F00F010429B2715C
:10BFD000F0700DD10930BBD004221AE0101D40EAE8
:10BFE0000B00B070F171C8B20428B5D3BBE700BF35
:10BFF000C1B2090910F1400F4FF0040206DB0E290F
:10C0000004D020F01F02403206D1032241EA0B0087
:10C010003870F271B1E700BF0F2905D110F110019E
:10C0200008D10420042116E00198A6F804A0B070FD
:10C0300090E700BF20F002010F3103D1022103205D
:10C0400009E000BF0E304FF002004FF0050108BFBD
:10C05000042008BF032141EA0B01F071B1700221F5
:10C06000C9B2814201467FF488AFA6E7002400E010
:10C070004C462846FFF79EF8204603B0BDE8F08FF7
:10C080004EF6F050CEF200000068C0073FF45BAF00
:10C0900000BE204603B0BDE8F08F00BF4EF6F05062
:10C0A000CEF200000068C0073FF44DAF00BE20464E
:10C0B00003B0BDE8F08F000070470000704700003B
:10C0C00040F27810C2F20000007C002818BF012066
:10C0D00070470000704700002DE9F04740F200066D
:10C0E000C2F200063278FF2A02D00120BDE8F087B4
:10C0F000002941D040F27817C2F2000782468846F4
:10C1000007F10C003721F4F721FA0020387006F10E
:10C110000C00FFF7EFF8301D7860781C00F0DCFBB6
:10C120007978B860FF293FD04CF62C590025C0F62D
:10C1300000090024C8B2844204D2B86840B328443D
:10C1400002E000BF484623D1406808B380477978B1
:10C150000134481CC0B2844205F12405EAD350469C
:10C16000414686F800A0FDF741FA48B35046FDF776
:10C170005FFA0120BDE8F0874EF6F050CEF20000E5
:10C180000068C00723D0002000BEBDE8F08700BFD4
:10C190004EF6F050CEF200000068C00717D0002025
:10C1A00000BEBDE8F08700BF4EF6F050CEF20000B2
:10C1B0000068C0070BD0002000BEBDE8F08700BFBC
:10C1C0004EF6F050CEF200000068C00702D1002009
:10C1D000BDE8F087002000BEBDE8F0877047000092
:10C1E000704700002DE9F04F87B040F20005C2F221
:10C1F00000052878FF2800F01E8303AE40F2781A6D
:10C20000301DC2F2000A4CF62C5B01900AF10C00C2
:10C210004FF0FF39C0F6000B4FF0000802900DE020
:10C220009DF80C009DF81120059B00F079FB00BFE4
:10C2300008F10108B8F1100F00F0FD826968DAF822
:10C240000440002088472A8904F108003146002371
:10C25000FFF73AFA6968074601208847002F00F087
:10C26000EA829DF80D000138072800F2DF80DFE840
:10C2700000F0054D31392971B54500BF9AF801002C
:10C28000FF2800F0DD809DF80C70002600240FE0F0
:10C29000584640F00B81C168384688479AF801003B
:10C2A0000134411CC9B28C4206F1240680F0C880DA
:10C2B000C0B28442ECD2DAF80800002800F0F68020
:10C2C0003044E8E79AF80C000028B1D0FFF702FFED
:10C2D000AEE700BF9AF81200C007A9D00498FFF794
:10C2E0007DFFA5E79AF80C000028A1D09AF80F006E
:10C2F000C0F34000FFF774FF9AE700BF04990029DC
:10C300003FF496AF0598884792E700BF9AF801007E
:10C31000FF2800F0B1809DF80C70002600240FE08B
:10C32000584640F0CD80C168384688479AF80100E9
:10C330000134411CC9B28C4206F1240680F09C8075
:10C34000C0B28442ECD2DAF80800002800F0B880CD
:10C350003044E8E79AF80000002800F059829AF883
:10C36000000001388AF800009AF8000000287FF4E5
:10C370005FAF01208AF80C009AF8330000F0FE004D
:10C380008AF833009AF8330000F0FB008AF8330093
:10C390009AF8340000F0FE008AF834009AF834006D
:10C3A00000F0FB008AF834009DF80C70002000F0CB
:10C3B000A5FA9DF81020C2F34110022800F09680E3
:10C3C000032840F0A3804EF6F050CEF20000006843
:10C3D000C00700F0128200BE0FE200BF9DF81010EF
:10C3E00011F00F000AEB400000EBD11292F833304D
:10C3F00003F0FE0382F8333092F8333003F0FB038E
:10C4000082F833303FF40CAFCA09104490F823008F
:10C410009AF8012082425DD9DAF80820002A00F05B
:10C42000038200EBC00002EB800056E04EF6F050B5
:10C43000CEF200000068C0073FF4FAAE00BEF7E697
:10C4400002983721F4F782F8CAF82F90CAF82B9097
:10C45000CAF82790CAF82390CAF81F90CAF81B9010
:10C46000CAF81790CAF8139000F03CFA9DF8100033
:10C4700003AE8AF81100DBE602983721F4F766F87C
:10C48000CAF82F90CAF82B90CAF82790CAF82390C0
:10C49000CAF81F90CAF81B90CAF81790CAF81390F0
:10C4A00000F020FA00F0CEF903AEC1E64EF6F050EF
:10C4B000CEF200000068C007D6D000BED4E700BFAF
:10C4C0004EF6F050CEF200000068C007E8D000BE83
:10C4D000E6E700BF584640F0A78187699DF80C0049
:10C4E0009DF81120059BB847A2E600BF4CF6490015
:10C4F000C0F6000000F002FA019A3846012100F06F
:10C50000A3F900287FF494AE77E100BF02F01F0189
:10C51000022937D001291DD0002959D101286BD11A
:10C52000BDF8140010F0F00F40F0678100F00F002C
:10C530005044C07C9AF80110814240F2A380DAF89E
:10C540000810002900F0598100EBC00001EB8004C5
:10C550009BE000BFBDF8140010F0F00F40F04D81DB
:10C5600000F00F005044C07C9AF80110814253D96A
:10C57000DAF80810002900F0408100EBC00001EB60
:10C5800080044CE0BDF8141001F00F00082829D2F7
:10C590000AEB4003C9B203EBD1139AF8016093F898
:10C5A0002330DAF808C003EBC3049E424FF00003C7
:10C5B00008BF5B4688BF0CEB840312F0600F4DD0C0
:10C5C000002B03AE00F0198158691C465EE000BFE5
:10C5D0004EF6F050CEF200000068C00700F00D816A
:10C5E00000BE0AE14EF6F050CEF200000068C0072F
:10C5F00000F0038100BE00E19DF8110009284DD82C
:10C60000DFE800F006784CA84CB4C04C568400BF5C
:10C610009AF80F0063E000BF5C4640F0EE8060696E
:10C6200000F06CF96369019A3846012198470028A7
:10C630007FF4FEAD9DF8100010F0600F40F0DD803B
:10C64000002000F05BF99DF811000B2800F0C48079
:10C650000A2840F0D28000202CE000BF9DF8112075
:10C66000032A18BF012A2FD1BDF8120003AE0028FB
:10C6700040F09B801C460020012A40F0938000F08F
:10C6800019FA91E05C4640F0B880606900F036F934
:10C690006369019A38460121984732E74EF6F05017
:10C6A000CEF200000068C00700F0A78000BEA4E042
:10C6B0009AF8100001998DF81A0038460DF11A0207
:10C6C0000123FFF71FFBB3E5002A03AE60D10AEB9D
:10C6D0004000C909084490F83300C0F340000199B4
:10C6E000ADF81A0038460DF11A020223FFF70AFBD3
:10C6F0009EE500BFBDF81200012840F07E809AF848
:10C700000F0000F0FD008AF80F0065E09DF81210A0
:10C710009AF8100088425FD078B138460091002125
:10C72000FDF75EF93846FCF73BFA9AF811403846B7
:10C73000FCF784F900998AF8114000298AF8101052
:10C7400048D03846FEF774FB00284BD0FFF7B6FC04
:10C7500042E000BFBDF8120001284ED19AF80F0048
:10C7600040F002008AF80F0036E000BF019800F0A8
:10C77000CBF89DF812103846FDF726F901208AF80B
:10C780000D0055E501993846FEF7F0FAB9E600BF0D
:10C790004EF6F050CEF200000068C0072DD000BE6B
:10C7A0002BE000BF00F0D6F92346002B3FF440AD4C
:10C7B00058691C4600F0A2F86369019A38460121C5
:10C7C0009847002000F09AF89AF83400C0077FF4E8
:10C7D0002FAD01E000F036F801993846FFF776FA00
:10C7E00026E500BF00208AF810004EF6F050CEF289
:10C7F00000000068C00700D000BE9DF80C000021BA
:10C80000FCF7AAFA9DF80C008021FCF7A5FA0FE5C9
:10C810004EF6F050CEF200000068C0070BD000BE0C
:10C8200007B0BDE8F08F00BF4EF6F050CEF200002A
:10C830000068C00702D107B0BDE8F08F00BE07B0A6
:10C84000BDE8F08F704700000020704710B582B03F
:10C85000F1B1012810D80A7872B140F2F823C2F27F
:10C8600000031A540A78012A02D1FFF735FC48B3B5
:10C87000012002B010BD00BF4EF6F050CEF2000015
:10C880000068C00700D000BE002002B010BD00BF8D
:10C8900001240DF106010020ADF80640FFF71CFC55
:10C8A00030B140F2F821C2F200010C7002B010BDAC
:10C8B0004EF6F051CEF200010968C907E5D000BE7E
:10C8C00002B010BD4EF6F050CEF200000068C00776
:10C8D000DAD000BED8E700000146002200200A702E
:10C8E0007047000040F2B000C2F200000021C0E931
:10C8F0000011C0E9021101617047000040F2B0016F
:10C90000C2F20001086170470168406840F2B0025D
:10C91000C2F200020023C2E90010C2E902337047EC
:10C920002DE9F04782B040F2B004C2F2000494F95D
:10C930000070794049B2B1F1FF3F11DDA268002FCC
:10C940002FD4B2B104F114018A4229D00546104611
:10C950001A461E46F3F793FDA2683346284620E0A8
:10C9600063B14EF6F050CEF200000068C00700D070
:10C9700000BE002002B0BDE8F08700BF214605469A
:10C98000FCF7A8F8236933B140F2B0022846C2F29E
:10C99000000203219847012002B0BDE8F08700BFE4
:10C9A0000A46E189402B01EB030602EB0301E68115
:10C9B000A16031D3E388B5B2AB422DD0A7894FF047
:10C9C000000ABB1B9BB24FF0000C402B28BF40233A
:10C9D00094F90060B6F1FF3F07DCAF424FF0800CE6
:10C9E0001CBF04F1140E714548D17A1B614618BF73
:10C9F00004F11402CDF800A000F0CCF80028CAD150
:10CA00004EF6F050CEF200000068C007B1D000BE74
:10CA1000002002B0BDE8F08723694BB140F2B002BC
:10CA2000C2F2000202210546984701462846C9B1D4
:10CA300021788022002722EA0101002200230097AA
:10CA400000F0A8F80028A6D14EF6F050CEF2000073
:10CA50000068C0073FF48DAF00BE002002B0BDE803
:10CA6000F08700BF00210446FCF776F920468021BC
:10CA7000FCF772F9012002B0BDE8F087002ABFD0B0
:10CA8000804670461A469946F3F7F9FC4B464046F5
:10CA90004FF0800CA9E7000040F2781201F00F007F
:10CAA000C2F2000202EB400000EBD1100021333053
:10CAB000FEF7A8BA10B540F20000C2F200000078FC
:10CAC0000C46FCF721F840F2781104F00F00C2F296
:10CAD000000101EB400000EBD41090F8331001F09E
:10CAE000FD0180F8331090F8331001F0FE0180F85A
:10CAF000331010BD887800070AD48888400511D00B
:10CB000040F20000C2F200000078FCF77FB800BFDE
:10CB10004EF6F050CEF200000068C0070AD00020A8
:10CB200000BE70474EF6F050CEF200000068C0071D
:10CB300000D000BE0020704740F2781201F00F00D4
:10CB4000C2F2000202EB400000EBD11000213330B2
:10CB5000FEF76CBA10B540F20000C2F20000007897
:10CB60000C46FCF7F9F840F2781104F00F00C2F21D
:10CB7000000101EB400000EBD41090F8331041F0BD
:10CB8000020180F8331090F8331041F0010180F871
:10CB9000331010BDB0B582B040F2781401F00F0030
:10CBA000C2F2000404EB400040F2000C00EBD1158F
:10CBB000C2F2000C9CF8000015F833CF5FEACC7489
:10CBC00022D12C78DDF818C044F001042C70CDF887
:10CBD00000C0FCF7FFF800281EBF012002B0B0BD66
:10CBE000287800F0FE002870287800F0FB002870FC
:10CBF0004EF6F050CEF200000068C00700D000BE34
:10CC0000002002B0B0BD00BF4EF6F050CEF20000E2
:10CC10000068C007F4D000BE002002B0B0BD000024
:10CC2000B0B582B040F2781401F00F00C2F20004F7
:10CC300004EB400040F2000C00EBD115C2F2000CF6
:10CC40009CF8000015F833CF5FEACC7422D12C7821
:10CC5000DDF818C044F001042C70CDF800C0FCF7DA
:10CC60000FF900281EBF012002B0B0BD287800F0E7
:10CC7000FE002870287800F0FB0028704EF6F05077
:10CC8000CEF200000068C00700D000BE002002B055
:10CC9000B0BD00BF4EF6F050CEF200000068C007F5
:10CCA000F4D000BE002002B0B0BD0000014640F24A
:10CCB0000000C2F200000078002908BFFCF7ACBCFD
:10CCC000FCF7B6BCF1EE100A4FF6FF71C0F2C031AE
:10CCD00020EA010040F04070E1EE100A70470000C9
:10CCE00000080242000200000000024210000000A2
:10CCF000000402424000000009040000000000009F
:10CD000000000102030406070809000000000102F8
:10CD10000304010002000400060008000A000C00E1
:10CD20001000200040008000000100000000000012
:10CD3000ADAA0008A9AA000879AC0008F9AA000861
:10CD4000A5AA0008A5AC0008000000000000000033
:10CD5000000102030405060708090A0B0C0D0E0F5B
:10CD600002000000040000000800000010000000A5
:10CD7000FDFFFFFFFBFFFFFFF7FFFFFFEFFFFFFFE1
:10CD8000FFFDFFFFFFFBFFFFFFF7FFFFFFEFFFFFD1
:10CD9000090265000201008032090400000001015F
:10CDA0000000092401000109000101090401000239
:10CDB00001030000072401000141000624020101D3
:10CDC00000062402020200092403010301020100FB
:10CDD00009240302040101010009050102400000C9
:10CDE0000000052501010109058102400000000045
:10CDF0000525010103001201000200000040FECAE7
:10CE00000140000101020301313233343536004D57
:10CE100061617274656E73204D696469004D616172
:10CE20007274656E73204D616E75666163747572A0
:10CE30006572000058CE000800000020400000008D
:10CE4000B802000898CE00084000002070120000D0
:10CE5000D802000800000000FF000000ADCC000870
:10CE60000C000000FA020020C000000000000000DA
:10CE70000100000010000000004400400090D003BA
:10CE8000F8CC00081DCE00080FCE000808CE000820
:08CE90000FCE000800000000B5
:040000050800025598
:00000001FF
